"","Player","Team","Position","Age","Date of Birth","Birth City","Birth State/Province","Birth Country","Nationality","Height (in)","Weight (lbs)","Draft Year","Draft Team","Draft Round","Round Pick","Overall Draft Position"
"228","Aaron Downey","DET","R","44","1974-08-27","Shelburne","ON","CAN","CAN","73","215","-","-","-","-","-"
"478","Aaron Johnson","NYI","D","35","1983-04-30","Port Hawkesbury","NS","CAN","CAN","73","204","2001","CBJ","3","22","85"
"42","Aaron Miller","VAN","D","47","1971-08-11","Buffalo","NY","USA","USA","75","210","1989","NYR","5","4","88"
"581","Aaron Rome","CBJ","D","35","1983-09-27","Nesbitt","MB","CAN","CAN","73","220","2002","L.A","4","8","104"
"505","Aaron Voros","MIN","L","37","1981-07-02","Vancouver","BC","CAN","CAN","74","210","2001","N.J","8","2","229"
"53","Aaron Ward","BOS","D","45","1973-01-17","Windsor","ON","CAN","CAN","74","209","1991","WIN","1","5","5"
"729","Adam Berti","CHI","L","32","1986-07-01","Scarborough","ON","CAN","CAN","75","205","2004","CHI","3","3","68"
"532","Adam Burish","CHI","R","35","1983-01-06","Madison","WI","USA","USA","73","195","2002","CHI","9","22","282"
"31","Adam Foote","CBJ, COL","D","47","1971-07-10","Toronto","ON","CAN","CAN","74","220","1989","QUE","2","1","22"
"346","Adam Hall","PIT","R","38","1980-08-14","Kalamazoo","MI","USA","USA","74","212","1999","NSH","2","24","52"
"249","Adam Mair","BUF","C","39","1979-02-15","Hamilton","ON","CAN","CAN","73","208","1997","TOR","4","4","84"
"719","Adam Pineault","CBJ","R","32","1986-05-23","Holyoke","MA","USA","USA","73","201","2004","CBJ","2","16","46"
"85","Adrian Aucoin","CGY","D","45","1973-07-03","Ottawa","ON","CAN","CAN","74","215","1992","VAN","5","21","117"
"116","Alain Nasreddine","PIT","D","43","1975-07-10","Montreal","QC","CAN","CAN","73","204","1993","FLA","6","5","135"
"450","Ales Hemsky","EDM","R","35","1983-08-13","Pardubice","","CZE","CZE","72","177","2001","EDM","1","13","13"
"320","Ales Kotalik","BUF","R","39","1978-12-23","Jindrichuv Hradec","","CZE","CZE","73","225","1998","BUF","6","19","164"
"808","Alex Foster","TOR","C","34","1984-08-26","Canton","MI","USA","USA","72","200","-","-","-","-","-"
"391","Alex Frolov","L.A","L","36","1982-06-19","Moscow","","RUS","RUS","74","210","2000","L.A","1","20","20"
"726","Alex Goligoski","PIT","D","33","1985-07-30","Grand Rapids","MN","USA","USA","71","185","2004","PIT","2","31","61"
"58","Alex Kovalev","MTL","R","45","1973-02-24","Togliatti","","RUS","RUS","74","222","1991","NYR","1","15","15"
"694","Alex Ovechkin","WSH","L","33","1985-09-17","Moscow","","RUS","RUS","75","235","2004","WSH","1","1","1"
"280","Alex Tanguay","CGY","L","39","1979-11-21","Ste-Justine","QC","CAN","CAN","73","194","1998","COL","1","12","12"
"732","Alexander Edler","VAN","D","32","1986-04-21","Ostersund","","SWE","SWE","75","212","2004","VAN","3","26","91"
"738","Alexander Nikulin","OTT","C","33","1985-08-25","Perm","","RUS","RUS","73","198","2004","OTT","4","24","122"
"704","Alexander Radulov","NSH","R","32","1986-07-05","Nizhny Tagil","","RUS","RUS","73","205","2004","NSH","1","15","15"
"542","Alexander Semin","WSH","R","34","1984-03-03","Krasnojarsk","","RUS","RUS","74","211","2002","WSH","1","13","13"
"568","Alexander Steen","TOR","L","34","1984-03-01","Winnipeg","MB","CAN","SWE","72","211","2002","TOR","1","24","24"
"588","Alexandre Burrows","VAN","L","37","1981-04-11","Pincourt","QC","CAN","CAN","73","197","-","-","-","-","-"
"651","Alexandre Picard","PHI, T.B","D","33","1985-07-05","Gatineau","QC","CAN","CAN","75","215","2003","PHI","3","17","85"
"699","Alexandre Picard","CBJ","L","33","1985-10-09","Les Saules","QC","CAN","CAN","74","206","2004","CBJ","1","8","8"
"304","Alexei Ponikarovsky","TOR","L","38","1980-04-09","Kiev","","UKR","UKR","76","225","1998","TOR","4","1","87"
"342","Alexei Semenov","S.J","D","37","1981-04-10","Murmansk","","RUS","RUS","78","245","1999","EDM","2","8","36"
"71","Alexei Zhitnik","ATL","D","46","1972-10-10","Kiev","","UKR","UKR","71","225","1991","L.A","4","15","81"
"315","Allan Rourke","EDM","D","38","1980-03-06","Mississauga","ON","CAN","CAN","74","215","1998","TOR","6","9","154"
"98","Anders Eriksson","CGY","D","43","1975-01-09","Bollnas","","SWE","SWE","75","224","1993","DET","1","22","22"
"151","Andre Roy","T.B","R","43","1975-02-08","Port Chester","NY","USA","USA","76","229","1994","BOS","6","21","151"
"117","Andreas Karlsson","T.B","C","43","1975-08-19","Luvika","","SWE","SWE","76","201","1993","CGY","6","18","148"
"408","Andreas Lilja","DET","D","43","1975-07-13","Helsingborg","","SWE","SWE","75","220","2000","L.A","2","24","54"
"606","Andrei Kostitsyn","MTL","L","33","1985-02-03","Novopolotsk","","BLR","BLR","72","214","2003","MTL","1","10","10"
"319","Andrei Markov","MTL","D","39","1978-12-20","Voskresensk","","RUS","RUS","72","200","1998","MTL","6","17","162"
"222","Andrei Zyuzin","CHI","D","40","1978-01-21","Ufa","","RUS","RUS","73","208","1996","S.J","1","2","2"
"710","Andrej Meszaros","OTT","D","33","1985-10-13","Povaská Bystrica","","SVK","SVK","74","223","2004","OTT","1","23","23"
"731","Andrej Sekera","BUF","D","32","1986-06-08","Bojnice","","SVK","SVK","72","200","2004","BUF","3","6","71"
"495","Andrew Alberts","BOS","D","37","1981-06-30","Minneapolis","MN","USA","USA","77","218","2001","BOS","6","14","179"
"120","Andrew Brunette","COL","L","45","1973-08-24","Sudbury","ON","CAN","CAN","73","215","1993","WSH","7","18","174"
"783","Andrew Cogliano","EDM","C, L","31","1987-06-14","Toronto","ON","CAN","CAN","70","177","2005","EDM","1","25","25"
"839","Andrew Ebbett","ANA","C","35","1983-01-02","Vernon","BC","CAN","CAN","69","174","-","-","-","-","-"
"259","Andrew Ference","BOS","D","39","1979-03-17","Edmonton","AB","CAN","CAN","71","182","1997","PIT","8","18","208"
"697","Andrew Ladd","CAR, CHI","L","32","1985-12-12","Maple Ridge","BC","CAN","CAN","75","192","2004","CAR","1","4","4"
"508","Andrew Murray","CBJ","C","37","1981-11-06","Selkirk","MB","CAN","CAN","74","210","2001","CBJ","8","15","242"
"290","Andrew Peters","BUF","L","38","1980-05-05","St. Catharines","ON","CAN","CAN","76","240","1998","BUF","2","7","34"
"813","Andy Greene","N.J","D","36","1982-10-30","Trenton","MI","USA","USA","71","190","-","-","-","-","-"
"403","Andy Hilbert","NYI","L","37","1981-02-06","Howell","MI","USA","USA","70","188","2000","BOS","2","7","37"
"380","Andy McDonald","ANA, STL","L","41","1977-08-25","Strathroy","ON","CAN","CAN","70","175","-","-","-","-","-"
"271","Andy Sutton","NYI","D","43","1975-03-10","Kingston","ON","CAN","CAN","78","245","-","-","-","-","-"
"691","Andy Wozniewski","TOR","D","38","1980-05-25","Buffalo Grove","IL","USA","USA","77","225","-","-","-","-","-"
"620","Anthony Stewart","FLA","R","33","1985-01-05","LaSalle","QC","CAN","CAN","75","230","2003","FLA","1","25","25"
"409","Antoine Vermette","OTT","C","36","1982-07-20","St. Agapit","QC","CAN","CAN","73","197","2000","OTT","2","25","55"
"803","Anton Stralman","TOR","D","32","1986-08-01","Tibro","","SWE","SWE","71","190","2005","TOR","7","22","216"
"392","Anton Volchenkov","OTT","D","36","1982-02-25","Moscow","","RUS","RUS","73","220","2000","OTT","1","21","21"
"429","Antti Miettinen","DAL","R","38","1980-07-03","Hämeenlinna","","FIN","FIN","72","190","2000","DAL","7","27","224"
"844","Antti Pihlstrom","NSH","L","34","1984-10-22","Vantaa","","FIN","FIN","71","190","-","-","-","-","-"
"777","Anze Kopitar","L.A","C","31","1987-08-24","Jesenice","","SVN","SVN","75","225","2005","L.A","1","11","11"
"202","Arron Asham","N.J","R","40","1978-04-13","Portage La Prairie","MB","CAN","CAN","71","210","1996","MTL","3","19","71"
"638","B.J. Crombeen","DAL","R","33","1985-07-10","Denver","CO","USA","USA","74","209","2003","DAL","2","24","54"
"338","Barret Jackman","STL","D","37","1981-03-05","Trail","BC","CAN","CAN","72","203","1999","STL","1","17","17"
"560","Barry Tallackson","N.J","R","35","1983-04-14","Grafton","ND","USA","USA","77","215","2002","N.J","2","23","53"
"148","Bates Battaglia","TOR","L","42","1975-12-13","Chicago","IL","USA","USA","74","205","1994","ANA","6","2","132"
"572","Ben Eager","CHI, PHI","L","34","1984-01-22","Ottawa","ON","CAN","CAN","74","226","2002","PHX","1","23","23"
"256","Ben Guite","COL","R","40","1978-07-17","Montreal","QC","CAN","CAN","73","210","1997","MTL","7","11","172"
"436","Ben Ondrus","TOR","R","36","1982-06-25","Sherwood Park","AB","CAN","CAN","71","208","-","-","-","-","-"
"747","Ben Walter","NYI","C","34","1984-05-11","Beaconsfield","QC","CAN","CAN","73","190","2004","BOS","5","31","160"
"771","Benoit Pouliot","MIN","L","32","1986-09-29","Alfred","ON","CAN","CAN","75","200","2005","MIN","1","4","4"
"32","Bill Guerin","NYI","R","48","1970-11-09","Worcester","MA","USA","USA","74","220","1989","N.J","1","5","5"
"810","Bill Thomas","PHX","R","35","1983-06-20","Pittsburgh","PA","USA","USA","73","185","-","-","-","-","-"
"292","Blair Betts","NYR","C","38","1980-02-16","Edmonton","AB","CAN","CAN","75","210","1998","CGY","2","6","33"
"797","Blair Jones","T.B","C","32","1986-09-27","Central Butte","SK","CAN","CAN","74","216","2005","T.B","4","11","102"
"720","Blake Comeau","NYI","L","32","1986-02-18","Meadow Lake","SK","CAN","CAN","73","200","2004","NYI","2","17","47"
"296","Bobby Allen","BOS","D","40","1978-11-14","Weymouth","MA","USA","USA","72","201","1998","BOS","2","25","52"
"8","Bobby Holik","ATL","C","47","1971-01-01","Jihlava","","CZE","CZE","76","230","1989","HFD","1","10","10"
"769","Bobby Ryan","ANA","R","31","1987-03-17","Cherry Hill","NJ","USA","USA","74","209","2005","ANA","1","2","2"
"701","Boris Valabik","ATL","D","32","1986-02-14","Nitra","","SVK","SVK","79","255","2004","ATL","1","10","10"
"187","Boyd Devereaux","TOR","C","40","1978-04-16","Seaforth","ON","CAN","CAN","74","195","1996","EDM","1","6","6"
"550","Boyd Gordon","WSH","C","35","1983-10-19","Unity","SK","CAN","CAN","72","200","2002","WSH","1","17","17"
"395","Brad Boyes","STL","R","36","1982-04-17","Mississauga","ON","CAN","CAN","72","199","2000","TOR","1","24","24"
"173","Brad Isbister","VAN","L","41","1977-05-07","Edmonton","AB","CAN","CAN","76","225","1995","WIN","3","15","67"
"171","Brad Larsen","ATL","L","41","1977-06-28","Nakusp","BC","CAN","CAN","72","210","1997","COL","4","7","87"
"147","Brad Lukowich","T.B","D","42","1976-08-12","Cranbrook","BC","CAN","CAN","73","191","1994","NYI","4","12","90"
"41","Brad May","ANA","L","47","1971-11-29","Toronto","ON","CAN","CAN","73","213","1990","BUF","1","14","14"
"298","Brad Richards","DAL, T.B","C","38","1980-05-02","Murray Hbr.","PE","CAN","CAN","72","199","1998","T.B","3","6","64"
"665","Brad Richardson","COL","C","33","1985-02-04","Belleville","ON","CAN","CAN","72","190","2003","COL","5","27","163"
"275","Brad Stuart","DET, L.A","D","39","1979-11-06","Rocky Mountain House","AB","CAN","CAN","74","215","1998","S.J","1","3","3"
"402","Brad Winchester","DAL","L","37","1981-03-01","Madison","WI","USA","USA","77","230","2000","EDM","2","5","35"
"664","Brady Murray","L.A","L","34","1984-08-17","Brandon","MB","CAN","USA","70","185","2003","L.A","5","16","152"
"503","Brandon Bochenski","ANA, BOS, NSH","R","36","1982-04-04","Blaine","MN","USA","USA","73","195","2001","OTT","7","27","223"
"725","Brandon Dubinsky","NYR","C","32","1986-04-29","Anchorage","AK","USA","USA","74","205","2004","NYR","2","30","60"
"476","Brandon Nolan","CAR","C","35","1983-07-18","St. Catharines","ON","CAN","CAN","73","192","2003","VAN","4","10","111"
"336","Branislav Mezei","FLA","D","38","1980-10-08","Nitra","","SVK","SVK","76","235","1999","NYI","1","10","10"
"355","Branko Radivojevic","MIN","R","38","1980-11-24","Piestany","","SVK","SVK","72","208","1999","COL","3","27","93"
"604","Braydon Coburn","PHI","D","33","1985-02-27","Shaunavon","SK","CAN","CAN","77","223","2003","ATL","1","8","8"
"474","Brendan Bell","PHX","D","35","1983-03-31","Ottawa","ON","CAN","CAN","74","205","2001","TOR","3","2","65"
"105","Brendan Morrison","VAN","C","43","1975-08-15","Pitt Meadows","BC","CAN","CAN","71","176","1993","N.J","2","13","39"
"20","Brendan Shanahan","NYR","L","49","1969-01-23","Mimico","ON","CAN","CAN","75","220","1987","N.J","1","2","2"
"96","Brendan Witt","NYI","D","43","1975-02-20","Humboldt","SK","CAN","CAN","74","223","1993","WSH","1","11","11"
"242","Brenden Morrow","DAL","L","39","1979-01-16","Carlyle","SK","CAN","CAN","71","212","1997","DAL","1","25","25"
"615","Brent Burns","MIN","D","33","1985-03-09","Barrie","ON","CAN","CAN","77","230","2003","MIN","1","20","20"
"609","Brent Seabrook","CHI","D","33","1985-04-20","Richmond","BC","CAN","CAN","75","220","2003","CHI","1","14","14"
"177","Brent Sopel","CHI","D","41","1977-01-07","Calgary","AB","CAN","CAN","74","205","1995","VAN","6","14","144"
"34","Bret Hedican","CAR","D","48","1970-08-10","St. Paul","MN","USA","USA","74","210","1988","STL","10","9","198"
"211","Brett Clark","COL","D","41","1976-12-23","Wapella","SK","CAN","CAN","72","194","1996","MTL","6","19","154"
"690","Brett Lebda","DET","D","36","1982-01-15","Buffalo Grove","IL","USA","USA","69","195","-","-","-","-","-"
"226","Brett McLean","FLA","C","40","1978-08-14","Comox","BC","CAN","CAN","71","184","1997","DAL","9","25","242"
"660","Brett Sterling","ATL","L","34","1984-04-24","Los Angeles","CA","USA","USA","67","175","2003","ATL","5","9","145"
"621","Brian Boyle","L.A","C","33","1984-12-18","Hingham","MA","USA","USA","78","245","2003","L.A","1","26","26"
"254","Brian Campbell","BUF, S.J","D","39","1979-05-23","Strathroy","ON","CAN","CAN","70","192","1997","BUF","6","22","156"
"302","Brian Gionta","N.J","R","39","1979-01-18","Rochester","NY","USA","USA","67","178","1998","N.J","3","24","82"
"775","Brian Lee","OTT","D","31","1987-03-26","Moorhead","MN","USA","USA","75","200","2005","OTT","1","9","9"
"358","Brian McGrattan","OTT","R","37","1981-09-02","Hamilton","ON","CAN","CAN","76","235","1999","L.A","4","8","104"
"378","Brian Pothier","WSH","D","41","1977-04-15","New Bedford","MA","USA","USA","72","204","-","-","-","-","-"
"330","Brian Rafalski","DET","D","45","1973-09-28","Dearborn","MI","USA","USA","70","194","-","-","-","-","-"
"56","Brian Rolston","MIN","R","45","1973-02-21","Flint","MI","USA","USA","74","215","1991","N.J","1","11","11"
"397","Brian Sutherby","ANA, WSH","C","36","1982-03-01","Edmonton","AB","CAN","CAN","74","208","2000","WSH","1","26","26"
"210","Brian Willsie","L.A","R","40","1978-03-16","Belmont","ON","CAN","CAN","73","202","1996","COL","6","11","146"
"498","Brooks Laich","WSH","C","35","1983-06-23","Wawota","SK","CAN","CAN","74","200","2001","OTT","6","28","193"
"390","Brooks Orpik","PIT","D","38","1980-09-26","San Francisco","CA","USA","USA","75","217","2000","PIT","1","18","18"
"667","Bruno Gervais","NYI","D","34","1984-10-03","Longueuil","QC","CAN","CAN","73","200","2003","NYI","6","15","182"
"276","Bryan Allen","FLA","D","38","1980-08-21","Kingston","ON","CAN","CAN","77","223","1998","VAN","1","4","4"
"158","Bryan Berard","NYI","D","41","1977-03-05","Woonsocket","RI","USA","USA","74","220","1995","OTT","1","1","1"
"717","Bryan Bickell","CHI","L","32","1986-03-09","Bowmanville","ON","CAN","CAN","76","223","2004","CHI","2","11","41"
"816","Bryan Little","ATL","C","31","1987-11-12","Edmonton","AB","CAN","CAN","72","191","2006","ATL","1","12","12"
"106","Bryan McCabe","TOR","D","43","1975-06-08","St. Catharines","ON","CAN","CAN","74","223","1993","NYI","2","14","40"
"47","Bryan Smolinski","MTL","C","46","1971-12-27","Toledo","OH","USA","USA","73","203","1990","BOS","1","21","21"
"743","Bryan Young","EDM","D","32","1986-08-06","Ennismore","ON","CAN","CAN","73","191","2004","EDM","5","17","146"
"150","Bryce Salvador","N.J, STL","D","42","1976-02-11","Brandon","MB","CAN","CAN","75","215","1994","T.B","6","8","138"
"179","Byron Ritchie","VAN","C","41","1977-04-24","Burnaby","BC","CAN","CAN","70","190","1995","HFD","7","9","165"
"824","Cal Clutterbuck","MIN","R","31","1987-11-18","Welland","ON","CAN","CAN","71","216","2006","MIN","3","9","72"
"696","Cam Barker","CHI","D","32","1986-04-04","Winnipeg","MB","CAN","CAN","75","223","2004","CHI","1","3","3"
"544","Cam Janssen","STL","R","34","1984-04-15","St. Louis","MO","USA","USA","72","215","2002","N.J","4","21","117"
"453","Carlo Colaiacovo","TOR","D","35","1983-01-27","Toronto","ON","CAN","CAN","73","202","2001","TOR","1","17","17"
"730","Casey Borer","CAR","D","33","1985-07-28","Minneapolis","MN","USA","USA","74","205","2004","CAR","3","4","69"
"160","Chad Kilger","TOR","L","42","1976-11-27","Cornwall","ON","CAN","CAN","76","224","1995","ANA","1","4","4"
"517","Chad LaRose","CAR","R","36","1982-03-27","Fraser","MI","USA","USA","70","181","-","-","-","-","-"
"716","Chris Bourque","WSH","L","32","1986-01-29","Boston","MA","USA","USA","68","174","2004","WSH","2","3","33"
"586","Chris Campoli","NYI","D","34","1984-07-09","Mississauga","ON","CAN","CAN","72","200","2004","NYI","7","34","227"
"4","Chris Chelios","DET","D","56","1962-01-25","Chicago","IL","USA","USA","72","191","1981","MTL","2","19","40"
"145","Chris Clark","WSH","R","42","1976-03-08","South Windsor","CT","USA","USA","72","191","1994","CGY","3","25","77"
"811","Chris Conner","DAL","R","34","1983-12-23","Westland","MI","USA","USA","67","181","-","-","-","-","-"
"144","Chris Drury","NYR","C","42","1976-08-20","Trumbull","CT","USA","USA","70","191","1994","QUE","3","20","72"
"91","Chris Gratton","T.B","C","43","1975-07-05","Brantford","ON","CAN","CAN","76","226","1993","T.B","1","3","3"
"571","Chris Higgins","MTL","L","35","1983-06-02","Smithtown","NY","USA","USA","72","205","2002","MTL","1","14","14"
"356","Chris Kelly","OTT","C","38","1980-11-11","Toronto","ON","CAN","CAN","72","190","1999","OTT","3","28","94"
"593","Chris Kunitz","ANA","L","39","1979-09-26","Regina","SK","CAN","CAN","72","188","-","-","-","-","-"
"592","Chris Minard","PIT","L","37","1981-11-18","Owen sound","ON","CAN","CAN","73","190","-","-","-","-","-"
"318","Chris Neil","OTT","R","39","1979-06-18","Flesherton","ON","CAN","CAN","73","209","1998","OTT","6","16","161"
"185","Chris Phillips","OTT","D","40","1978-03-09","Calgary","AB","CAN","CAN","75","219","1996","OTT","1","1","1"
"90","Chris Pronger","ANA","D","44","1974-10-10","Dryden","ON","CAN","CAN","78","188","1993","HFD","1","2","2"
"46","Chris Simon","MIN, NYI","L","46","1972-01-30","Wawa","ON","CAN","CAN","75","232","1990","PHI","2","4","25"
"468","Chris Thorburn","ATL","R","35","1983-06-03","Sault Ste. Marie","ON","CAN","CAN","75","235","2001","BUF","2","20","50"
"284","Christian Backman","NYR, STL","D","38","1980-04-28","Gothenburg","","SWE","SWE","76","210","1998","STL","1","24","24"
"483","Christian Ehrhoff","S.J","D","36","1982-07-06","Moers","","DEU","DEU","74","201","2001","S.J","4","10","106"
"484","Christoph Schubert","OTT","D","36","1982-02-05","Munich","","DEU","DEU","75","230","2001","OTT","4","31","127"
"451","Chuck Kobasew","BOS","R","36","1982-04-17","Vancouver","BC","CAN","CAN","72","192","2001","CGY","1","14","14"
"648","Clarke MacArthur","BUF","L","33","1985-04-06","Lloydminster","AB","CAN","CAN","72","192","2003","BUF","3","6","74"
"825","Claude Giroux","PHI","C","30","1988-01-12","Hearst","ON","CAN","CAN","71","185","2006","PHI","1","22","22"
"807","Clay Wilson","CBJ","D","35","1983-04-05","Sturgeon Lake","MN","USA","USA","72","195","-","-","-","-","-"
"794","Cody Bass","OTT","C","31","1987-01-07","Owen sound","ON","CAN","CAN","72","205","2005","OTT","4","4","95"
"489","Cody McCormick","COL","C","35","1983-04-18","London","ON","CAN","CAN","74","222","2001","COL","5","13","144"
"762","Cody McLeod","COL","L","34","1984-06-26","Binscarth","MB","CAN","CAN","74","204","-","-","-","-","-"
"456","Colby Armstrong","ATL, PIT","R","36","1982-11-23","Lloydminster","SK","CAN","CAN","74","185","2001","PIT","1","21","21"
"645","Colin Fraser","CHI","C","33","1985-01-28","Sicamous","BC","CAN","CAN","73","190","2003","PHI","3","1","69"
"486","Colin Stuart","ATL","L","36","1982-07-08","Rochester","MN","USA","USA","74","205","2001","ATL","5","4","135"
"197","Colin White","N.J","D","40","1977-12-12","New glasgow","NS","CAN","CAN","76","215","1996","N.J","2","23","49"
"433","Colton Orr","NYR","R","36","1982-03-03","Winnipeg","MB","CAN","CAN","75","222","-","-","-","-","-"
"577","Connor James","PIT","L","36","1982-08-25","Calgary","AB","CAN","CAN","70","180","2002","L.A","9","19","279"
"657","Corey Locke","MTL","C","34","1984-05-08","Toronto","ON","CAN","CAN","69","175","2003","MTL","4","12","113"
"623","Corey Perry","ANA","R","33","1985-05-16","Peterborough","ON","CAN","CAN","75","206","2003","ANA","1","28","28"
"842","Cory Murphy","FLA","D","40","1978-02-13","Kanata","ON","CAN","CAN","69","175","-","-","-","-","-"
"194","Cory Sarich","CGY","D","40","1978-08-16","Saskatoon","SK","CAN","CAN","76","207","1996","BUF","2","1","27"
"74","Cory Stillman","CAR, OTT","L","44","1973-12-20","Peterborough","ON","CAN","CAN","72","193","1992","CGY","1","6","6"
"212","Craig Adams","CAR, CHI","R","41","1977-04-26","Seria","","BRN","CAN","72","200","1996","HFD","9","8","223"
"28","Craig Conroy","CGY","C","47","1971-09-04","Potsdam","NY","USA","USA","74","193","1990","MTL","6","18","123"
"204","Craig MacDonald","T.B","C","41","1977-04-07","Antigonish","NS","CAN","CAN","73","201","1996","HFD","4","8","88"
"83","Craig Rivet","S.J","D","44","1974-09-13","North Bay","ON","CAN","CAN","74","207","1992","MTL","3","20","68"
"424","Craig Weller","PHX","R","37","1981-03-17","Calgary","AB","CAN","CAN","76","220","2000","STL","5","37","167"
"137","Curtis Brown","S.J","C","42","1976-02-12","Unity","SK","CAN","CAN","72","200","1994","BUF","2","17","43"
"689","Curtis Glencross","CBJ, EDM","L","35","1982-12-28","Kindersley","SK","CAN","CAN","73","197","-","-","-","-","-"
"192","Dainius Zubrus","N.J","C","40","1978-06-16","Elektrenai","","LTU","LTU","77","225","1996","PHI","1","15","15"
"30","Dallas Drake","DET","R","49","1969-02-04","Trail","BC","CAN","CAN","72","186","1989","DET","6","11","116"
"269","Dan Boyle","T.B","D","42","1976-07-12","Ottawa","ON","CAN","CAN","71","194","-","-","-","-","-"
"634","Dan Fritsche","CBJ","C","33","1985-07-13","Parma","OH","USA","USA","73","204","2003","CBJ","2","16","46"
"806","Dan Girardi","NYR","D","34","1984-04-29","Welland","ON","CAN","CAN","73","212","-","-","-","-","-"
"449","Dan Hamhuis","NSH","D","35","1982-12-13","Smithers","BC","CAN","CAN","73","204","2001","NSH","1","12","12"
"215","Dan Hinote","STL","R","41","1977-01-30","Leesburg","FL","USA","USA","72","187","1996","COL","7","5","167"
"349","Dan Jancevski","DAL, T.B","D","37","1981-06-15","Windsor","ON","CAN","CAN","75","222","1999","DAL","2","38","66"
"721","Dane Byers","NYR","L","32","1986-02-21","Nipawin","SK","CAN","CAN","75","204","2004","NYR","2","18","48"
"149","Daniel Alfredsson","OTT","R","45","1972-12-11","Gothenburg","","SWE","SWE","71","203","1994","OTT","6","3","133"
"191","Daniel Briere","PHI","C","41","1977-10-06","Gatineau","QC","CAN","CAN","69","174","1996","PHX","1","24","24"
"647","Daniel Carcillo","PHX","L","33","1985-01-28","King City","ON","CAN","CAN","72","200","2003","PIT","3","5","73"
"240","Daniel Cleary","DET","R","39","1978-12-18","Carbonear","NL","CAN","CAN","73","205","1997","CHI","1","13","13"
"566","Daniel Paille","BUF","L","34","1984-04-15","Welland","ON","CAN","CAN","73","188","2002","BUF","1","20","20"
"331","Daniel Sedin","VAN","L","38","1980-09-26","Ornskoldsvik","","SWE","SWE","73","190","1999","VAN","1","2","2"
"755","Daniel Winnik","PHX","L","33","1985-03-06","Toronto","ON","CAN","CAN","74","210","2004","PHX","9","7","265"
"625","Danny Richmond","CHI","D","34","1984-08-01","Chicago","IL","USA","USA","73","190","2003","CAR","2","1","31"
"383","Dany Heatley","OTT","L","37","1981-01-21","Freiburg","","DEU","CAN","75","212","2000","ATL","1","2","2"
"425","Darcy Hordichuk","NSH","L","38","1980-08-10","Kamsack","SK","CAN","CAN","73","215","2000","ATL","6","13","180"
"118","Darcy Tucker","TOR","R","43","1975-03-15","Castor","AB","CAN","CAN","70","178","1993","MTL","6","21","151"
"369","Darren Haydar","ATL","R","39","1979-10-22","Toronto","ON","CAN","CAN","69","170","1999","NSH","9","5","248"
"800","Darren Helm","DET","C","31","1987-01-21","St. Andrews","MB","CAN","CAN","72","196","2005","DET","5","7","132"
"80","Darren McCarty","DET","R","46","1972-04-01","Burnaby","BC","CAN","CAN","73","210","1992","DET","2","22","46"
"430","Darryl Bootland","NYI","R","37","1981-11-02","Toronto","ON","CAN","CAN","73","197","2000","COL","8","23","252"
"687","Darryl Boyce","TOR","C","34","1984-07-07","Summerside","PE","CAN","CAN","72","200","-","-","-","-","-"
"48","Darryl Sydor","PIT","D","46","1972-05-13","Edmonton","AB","CAN","CAN","73","211","1990","L.A","1","7","7"
"715","Dave Bolland","CHI","C","32","1986-06-05","Mimico","ON","CAN","CAN","72","188","2004","CHI","2","2","32"
"643","David Backes","STL","R","34","1984-05-01","Minneapolis","MN","USA","USA","75","215","2003","STL","2","32","62"
"723","David Booth","FLA","L","34","1984-11-24","Detroit","MI","USA","USA","72","212","2004","FLA","2","23","53"
"805","David Brine","FLA","C","33","1985-01-06","Truro","NS","CAN","CAN","73","201","-","-","-","-","-"
"684","David Clarkson","N.J","R","34","1984-03-31","Toronto","ON","CAN","CAN","72","207","-","-","-","-","-"
"393","David Hale","CGY","D","37","1981-06-18","Colorado Springs","CO","USA","USA","73","222","2000","N.J","1","22","22"
"681","David Jones","COL","R","34","1984-08-10","Guelph","ON","CAN","CAN","75","208","2003","COL","9","27","288"
"420","David Koci","CHI","L","37","1981-05-12","Prague","","CZE","CZE","78","238","2000","PIT","5","16","146"
"727","David Krejci","BOS","C","32","1986-04-28","Sternberk","","CZE","CZE","72","188","2004","BOS","2","33","63"
"274","David Legwand","NSH","C","38","1980-08-17","Detroit","MI","USA","USA","74","207","1998","NSH","1","2","2"
"501","David Moss","CGY","R","36","1981-12-28","Livonia","MI","USA","USA","76","210","2001","CGY","7","24","220"
"849","David Perron","STL","L","30","1988-05-28","Sherbrooke","QC","CAN","CAN","72","200","2007","STL","1","26","26"
"461","David Steckel","WSH","C","36","1982-03-15","Milwaukee","WI","USA","USA","78","215","2001","L.A","1","30","30"
"337","David Tanabe","CAR","D","38","1980-07-19","White Bear Lake","MN","USA","USA","73","212","1999","CAR","1","16","16"
"103","David Vyborny","CBJ","R","43","1975-01-22","Jihlava","","CZE","CZE","70","181","1993","EDM","2","7","33"
"161","Daymond Langkow","CGY","C","42","1976-09-27","Edmonton","AB","CAN","CAN","70","181","1995","T.B","1","5","5"
"62","Dean McAmmond","OTT","C","45","1973-06-15","Grand Cache","AB","CAN","CAN","71","195","1991","CHI","1","22","22"
"569","Denis Grebeshkov","EDM","D","35","1983-10-11","Yaroslavl","","RUS","RUS","72","206","2002","L.A","1","18","18"
"836","Denis Tolpeko","PHI","R","33","1985-01-29","Moscow","","RUS","RUS","73","190","-","-","-","-","-"
"492","Dennis Seidenberg","CAR","D","37","1981-07-18","Schwenningen","","DEU","DEU","72","199","2001","PHI","6","7","172"
"513","Dennis Wideman","BOS","D","35","1983-03-20","Kitchener","ON","CAN","CAN","72","202","2002","BUF","8","12","241"
"86","Derek Armstrong","L.A","C","45","1973-04-23","Ottawa","ON","CAN","CAN","72","197","1992","NYI","6","8","128"
"499","Derek Boogaard","MIN","L","36","1982-06-23","Saskatoon","SK","CAN","CAN","79","265","2001","MIN","7","6","202"
"360","Derek MacKenzie","CBJ","C","37","1981-06-11","Sudbury","ON","CAN","CAN","71","177","1999","ATL","5","2","128"
"531","Derek Meech","DET","D","34","1984-04-21","Winnipeg","MB","CAN","CAN","71","200","2002","DET","7","32","229"
"189","Derek Morris","PHX","D","40","1978-08-24","Edmonton","AB","CAN","CAN","72","210","1996","CGY","1","13","13"
"463","Derek Roy","BUF","C","35","1983-05-04","Ottawa","ON","CAN","CAN","69","184","2001","BUF","2","2","32"
"33","Derian Hatcher","PHI","D","46","1972-06-04","Sterling Heights","MI","USA","USA","77","235","1990","MNS","1","8","8"
"831","Derick Brassard","CBJ","C","31","1987-09-22","Hull","QC","CAN","CAN","73","202","2006","CBJ","1","6","6"
"774","Devin Setoguchi","S.J","R","31","1987-01-01","Taber","AB","CAN","CAN","72","205","2005","S.J","1","8","8"
"156","Dick Tarnstrom","CBJ, EDM","D","43","1975-01-20","Sundbyberg","","SWE","SWE","73","205","1994","NYI","11","12","272"
"605","Dion Phaneuf","CGY","D","33","1985-04-10","Edmonton","AB","CAN","CAN","75","222","2003","CGY","1","9","9"
"576","DJ King","STL","L","34","1984-06-27","Meadow Lake","SK","CAN","CAN","75","231","2002","STL","6","24","190"
"289","Dmitri Kalinin","BUF","D","38","1980-07-22","Chelyabinsk","","RUS","RUS","75","210","1998","BUF","1","18","18"
"414","Dominic Moore","MIN, TOR","C","38","1980-08-03","Thornhill","ON","CAN","CAN","72","192","2000","NYR","3","30","95"
"89","Donald Brashear","WSH","L","46","1972-01-07","Bedford","IN","USA","USA","75","237","-","-","-","-","-"
"347","Doug Janik","T.B","D","38","1980-03-26","Agawam","MA","USA","USA","74","211","1999","BUF","2","27","55"
"50","Doug Weight","ANA, STL","C","47","1971-01-21","Detroit","MI","USA","USA","71","202","1990","NYR","2","13","34"
"368","Douglas Murray","S.J","D","38","1980-03-12","Bromma","","SWE","SWE","75","240","1999","S.J","8","26","241"
"479","Drew Fata","NYI","D","35","1983-07-28","Sault Ste. Marie","ON","CAN","CAN","73","209","2001","PIT","3","23","86"
"686","Drew Larman","FLA","C","33","1985-05-15","Buffalo","NY","USA","USA","75","195","-","-","-","-","-"
"668","Drew Miller","ANA","L","34","1984-02-17","Dover","NJ","USA","USA","74","183","2003","ANA","6","19","186"
"703","Drew Stafford","BUF","R","33","1985-10-30","Milwaukee","WI","USA","USA","74","215","2004","BUF","1","13","13"
"573","Duncan Keith","CHI","D","35","1983-07-16","Winnipeg","MB","CAN","CAN","73","192","2002","CHI","2","24","54"
"734","Dustin Boyd","CGY","C","32","1986-07-16","Winnipeg","MB","CAN","CAN","72","187","2004","CGY","3","33","98"
"608","Dustin Brown","L.A","R","34","1984-11-04","Ithaca","NY","USA","USA","72","210","2003","L.A","1","13","13"
"675","Dustin Byfuglien","CHI","D","33","1985-03-27","Roseau","MN","USA","USA","77","260","2003","CHI","8","16","245"
"693","Dustin Penner","EDM","R","36","1982-09-28","Winkler","MB","CAN","CAN","76","247","-","-","-","-","-"
"441","Duvie Westcott","CBJ","D","41","1977-10-30","Winnipeg","MB","CAN","CAN","71","196","-","-","-","-","-"
"129","Ed Jovanovski","PHX","D","42","1976-06-26","Windsor","ON","CAN","CAN","75","220","1994","FLA","1","1","1"
"722","Enver Lisin","PHX","R","32","1986-04-22","Moscow","","RUS","RUS","74","200","2004","PHX","2","20","50"
"206","Eric Belanger","MIN","C","40","1977-12-16","Sherbrooke","QC","CAN","CAN","71","185","1996","L.A","4","16","96"
"153","Eric Boulton","ATL","L","42","1976-08-17","Halifax","NS","CAN","CAN","72","227","1994","NYR","9","26","234"
"235","Eric Brewer","STL","D","39","1979-04-17","Vernon","BC","CAN","CAN","76","216","1997","NYI","1","5","5"
"613","Eric Fehr","WSH","C","33","1985-09-07","Winkler","MB","CAN","CAN","76","209","2003","WSH","1","18","18"
"376","Eric Godard","CGY","R","38","1980-03-07","Vernon","BC","CAN","CAN","76","222","-","-","-","-","-"
"557","Eric Nystrom","CGY","L","35","1983-02-14","Syosset","NY","USA","USA","73","200","2002","CGY","1","10","10"
"268","Eric Perrin","ATL","C","43","1975-11-01","Laval","QC","CAN","CAN","69","180","-","-","-","-","-"
"598","Eric Staal","CAR","C","34","1984-10-29","Thunder Bay","ON","CAN","CAN","76","207","2003","CAR","1","2","2"
"578","Erik Christensen","ATL, PIT","C","34","1983-12-17","Edmonton","AB","CAN","CAN","73","200","2002","PIT","3","6","69"
"300","Erik Cole","CAR","L","40","1978-11-06","Oswego","NY","USA","USA","74","205","1998","CAR","3","13","71"
"819","Erik Johnson","STL","D","30","1988-03-21","Bloomington","MN","USA","USA","76","225","2006","STL","1","1","1"
"133","Ethan Moreau","EDM","L","43","1975-09-22","Huntsville","ON","CAN","CAN","75","223","1994","CHI","1","14","14"
"695","Evgeni Malkin","PIT","C","32","1986-07-31","Magnitogorsk","","RUS","RUS","75","195","2004","PIT","1","2","2"
"466","Fedor Tyutin","NYR","D","35","1983-07-19","Izhevsk","","RUS","RUS","74","221","2001","NYR","2","10","40"
"214","Fernando Pisani","EDM","R","41","1976-12-27","Edmonton","AB","CAN","CAN","73","205","1996","EDM","8","6","195"
"181","Filip Kuba","T.B","D","41","1976-12-29","Ostrava","","CZE","CZE","76","225","1995","FLA","8","10","192"
"224","Francis Bouillon","MTL","D","43","1975-10-17","New York City","NY","USA","USA","68","194","-","-","-","-","-"
"301","Francois Beauchemin","ANA","D","38","1980-06-04","Sorel","QC","CAN","CAN","71","208","1998","MTL","3","17","75"
"546","Frans Nielsen","NYI","C","34","1984-04-24","Herning","","DNK","DNK","73","188","2002","NYI","3","24","87"
"351","Frantisek Kaberle","CAR","D","45","1973-11-08","Kladno","","CZE","CZE","72","190","1999","L.A","3","10","76"
"596","Freddy Meyer","NYI, PHX","D","37","1981-01-04","Sanbornville","NH","USA","USA","70","185","-","-","-","-","-"
"142","Freddy Modin","CBJ","L","44","1974-10-08","Sundsvall","","SWE","SWE","76","220","1994","TOR","3","12","64"
"448","Fredrik Sjostrom","NYR, PHX","L","35","1983-05-06","Färgelanda","","SWE","SWE","73","218","2001","PHX","1","11","11"
"837","Gabe Gauthier","L.A","L","34","1984-01-20","Torrance","CA","USA","USA","68","199","-","-","-","-","-"
"364","Garnet Exelby","ATL","D","37","1981-08-16","Craik","SK","CAN","CAN","73","215","1999","ATL","8","2","217"
"688","Garrett Stafford","DET","D","38","1980-01-28","Los Angeles","CA","USA","USA","73","207","-","-","-","-","-"
"477","Garth Murray","FLA, MTL","C","36","1982-09-17","Regina","SK","CAN","CAN","74","210","2001","NYR","3","16","79"
"16","Gary Roberts","PIT","L","52","1966-05-23","North York","ON","CAN","CAN","74","215","1984","CGY","1","12","12"
"682","Geoff Platt","ANA","C","33","1985-07-10","Mississauga","ON","CAN","CAN","69","175","-","-","-","-","-"
"44","Geoff Sanderson","EDM","L","46","1972-02-01","Hay River","NT","CAN","CAN","72","190","1990","HFD","2","15","36"
"365","George Parros","ANA","R","38","1979-12-29","Washington","PA","USA","USA","77","224","1999","L.A","8","7","222"
"168","Georges Laraque","PIT","R","42","1976-12-07","Montreal","QC","CAN","CAN","76","245","1995","EDM","2","5","31"
"772","Gilbert Brule","CBJ","C","31","1987-01-01","Edmonton","AB","CAN","CAN","71","187","2005","CBJ","1","6","6"
"184","Glen Metropolit","BOS","C","44","1974-06-25","Toronto","ON","CAN","CAN","70","196","-","-","-","-","-"
"60","Glen Murray","BOS","R","46","1972-11-01","Halifax","NS","CAN","CAN","75","218","1991","BOS","1","18","18"
"25","Glen Wesley","CAR","D","50","1968-10-02","Red Deer","AB","CAN","CAN","73","207","1987","BOS","1","3","3"
"127","Greg De Vries","NSH","D","45","1973-01-04","Sundridge","ON","CAN","CAN","74","205","-","-","-","-","-"
"659","Greg Moore","NYR","R","34","1984-03-26","Lisbon","ME","USA","USA","73","225","2003","CGY","5","7","143"
"422","Greg Zanon","NSH","D","38","1980-06-05","Burnaby","BC","CAN","CAN","71","201","2000","OTT","5","26","156"
"553","Gregory Campbell","FLA","C","34","1983-12-17","London","ON","CAN","CAN","72","188","2002","FLA","3","4","67"
"754","Gregory Stewart","MTL","L","32","1986-05-21","Kitchener","ON","CAN","CAN","74","202","2004","MTL","8","19","246"
"767","Guillaume Latendresse","MTL","L","31","1987-05-24","Ste-Catherine","QC","CAN","CAN","74","230","2005","MTL","2","15","45"
"121","Hal Gill","PIT, TOR","D","43","1975-04-06","Concord","MA","USA","USA","79","243","1993","BOS","8","25","207"
"332","Henrik Sedin","VAN","C","38","1980-09-26","Ornskoldsvik","","SWE","SWE","74","183","1999","VAN","1","3","3"
"245","Henrik Tallinder","BUF","D","39","1979-01-10","Stockholm","","SWE","SWE","76","209","1997","BUF","2","22","48"
"362","Henrik Zetterberg","DET","L","38","1980-10-09","Njurunda","","SWE","SWE","72","197","1999","DET","7","24","210"
"87","Ian Laperriere","COL","R","44","1974-01-19","Montreal","QC","CAN","CAN","73","200","1992","STL","7","14","158"
"570","Ian White","TOR","D","34","1984-06-04","Steinbach","MB","CAN","CAN","70","191","2002","TOR","6","25","191"
"442","Ilya Kovalchuk","ATL","R","35","1983-04-15","Tver","","RUS","RUS","75","222","2001","ATL","1","1","1"
"795","Ilya Zubov","OTT","C","31","1987-02-14","Chelyabinsk","","RUS","RUS","72","211","2005","OTT","4","7","98"
"637","Ivan Baranka","NYR","D","33","1985-05-19","Ilava","","SVK","SVK","75","205","2003","NYR","2","20","50"
"186","J-P Dumont","NSH","R","40","1978-04-01","Montreal","QC","CAN","CAN","73","205","1996","NYI","1","3","3"
"852","Jack Hillen","NYI","D","32","1986-01-24","Minnetonka","MN","USA","USA","70","190","-","-","-","-","-"
"770","Jack Johnson","L.A","D","31","1987-01-13","Indianapolis","IN","USA","USA","73","227","2005","CAR","1","3","3"
"773","Jack Skille","CHI","R","31","1987-05-19","Madison","WI","USA","USA","73","216","2005","CHI","1","7","7"
"742","Jake Dowell","CHI","C","33","1985-03-04","Eau Claire","WI","USA","USA","72","200","2004","CHI","5","11","140"
"111","Jamal Mayers","STL","R","44","1974-10-24","Toronto","ON","CAN","CAN","73","222","1993","STL","4","11","89"
"829","James Sheppard","MIN","C","30","1988-04-25","Halifax","NS","CAN","CAN","73","215","2006","MIN","1","9","9"
"564","James Wisniewski","CHI","D","34","1984-02-21","Canton","MI","USA","USA","71","203","2002","CHI","5","25","156"
"104","Jamie Langenbrunner","N.J","R","43","1975-07-24","Cloquet","MN","USA","USA","73","205","1993","DAL","2","9","35"
"656","Jan Hejda","CBJ","D","40","1978-06-18","Prague","","CZE","CZE","76","230","2003","BUF","4","5","106"
"170","Jan Hlavac","NSH, T.B","L","42","1976-09-20","Prague","","CZE","CZE","72","201","1995","NYI","2","2","28"
"756","Jannik Hansen","VAN","R","32","1986-03-15","Rødovre","","DNK","DNK","73","198","2004","VAN","9","29","287"
"796","Jared Boll","CBJ","R","32","1986-05-13","Charlotte","NC","USA","USA","75","206","2005","CBJ","4","10","101"
"299","Jarkko Ruutu","PIT","L","43","1975-08-23","Helsinki","","FIN","FIN","73","204","1998","VAN","3","10","68"
"166","Jarome Iginla","CGY","R","41","1977-07-01","Edmonton","AB","CAN","CAN","73","210","1995","DAL","1","11","11"
"9","Jaromir Jagr","NYR","R","46","1972-02-15","Kladno","","CZE","CZE","75","230","1990","PIT","1","5","5"
"845","Jaroslav Hlinka","COL","C","42","1976-11-10","Prague","","CZE","CZE","70","185","-","-","-","-","-"
"43","Jaroslav Modry","L.A, PHI","D","47","1971-02-27","Ceské Budejovice","","CZE","CZE","74","220","1990","N.J","9","11","179"
"311","Jaroslav Spacek","BUF","D","44","1974-02-11","Rokycany","","CZE","CZE","72","210","1998","FLA","5","3","117"
"407","Jarret Stoll","EDM","C","36","1982-06-24","Melville","SK","CAN","CAN","73","216","2002","EDM","2","6","36"
"95","Jason Arnott","NSH","C","44","1974-10-11","Collingwood","ON","CAN","CAN","77","220","1993","EDM","1","7","7"
"329","Jason Blake","TOR","L","45","1973-09-02","Moorhead","MN","USA","USA","70","190","-","-","-","-","-"
"251","Jason Chimera","CBJ","L","39","1979-05-02","Edmonton","AB","CAN","CAN","75","215","1997","EDM","5","15","121"
"437","Jason Jaffray","VAN","L","37","1981-06-30","Olds","AB","CAN","CAN","73","195","-","-","-","-","-"
"500","Jason King","ANA","R","37","1981-09-14","Corner Brook","NL","CAN","CAN","72","193","2001","VAN","7","16","212"
"470","Jason Pominville","BUF","R","36","1982-11-30","Repentigny","QC","CAN","USA","72","180","2001","BUF","2","25","55"
"76","Jason Smith","PHI","D","45","1973-11-02","Calgary","AB","CAN","CAN","75","220","1992","N.J","1","18","18"
"443","Jason Spezza","OTT","C","35","1983-06-13","Toronto","ON","CAN","CAN","75","215","2001","OTT","1","2","2"
"141","Jason Strudwick","NYR","D","43","1975-07-17","Edmonton","AB","CAN","CAN","76","226","1994","NYI","3","11","63"
"238","Jason Ward","T.B","R","39","1979-01-16","Chapleau","ON","CAN","CAN","74","208","1997","MTL","1","11","11"
"435","Jason Williams","CHI","C","38","1980-08-11","London","ON","CAN","CAN","71","192","-","-","-","-","-"
"65","Jassen Cullimore","FLA","D","46","1972-12-04","Simcoe","ON","CAN","CAN","77","235","1991","VAN","2","7","29"
"547","Jay Bouwmeester","FLA","D","35","1983-09-27","Edmonton","AB","CAN","CAN","76","206","2002","FLA","1","3","3"
"310","Jay Leach","T.B","D","39","1979-09-02","Syracuse","NY","USA","USA","77","220","1998","PHX","5","1","115"
"471","Jay McClement","STL","C","35","1983-03-02","Kingston","ON","CAN","CAN","73","205","2001","STL","2","27","57"
"167","Jay McKee","STL","D","41","1977-09-08","Kingston","ON","CAN","CAN","76","203","1995","BUF","1","14","14"
"102","Jay Pandolfo","N.J","L","43","1974-12-27","Winchester","MA","USA","USA","73","190","1993","N.J","2","6","32"
"644","Jean-Francois Jacques","EDM","L","33","1985-04-29","Montreal","QC","CAN","CAN","75","231","2003","EDM","2","38","68"
"597","Jed Ortmeyer","NSH","R","40","1978-09-03","Omaha","NE","USA","USA","72","200","-","-","-","-","-"
"607","Jeff Carter","PHI","C","33","1985-01-01","London","ON","CAN","CAN","75","219","2003","PHI","1","11","11"
"182","Jeff Cowan","VAN","L","42","1976-09-27","Scarborough","ON","CAN","CAN","74","205","-","-","-","-","-"
"367","Jeff Finger","COL","D","38","1979-12-18","Houghton","MI","USA","USA","73","209","1999","COL","8","25","240"
"523","Jeff Giuliano","L.A","L","39","1979-06-20","Nashua","NH","USA","USA","69","205","-","-","-","-","-"
"328","Jeff Halpern","DAL, T.B","C","42","1976-05-03","Washington","DC","USA","USA","72","190","-","-","-","-","-"
"590","Jeff Hamilton","CAR","C","41","1977-09-04","Dayton","OH","USA","USA","70","185","-","-","-","-","-"
"524","Jeff Hoggan","BOS","R","40","1978-02-01","Hope","BC","CAN","CAN","73","193","-","-","-","-","-"
"712","Jeff Schultz","WSH","D","32","1986-02-25","Calgary","AB","CAN","CAN","78","225","2004","WSH","1","27","27"
"400","Jeff Taffe","PIT","L","37","1981-02-19","Hastings","MN","USA","USA","75","207","2000","STL","1","30","30"
"622","Jeff Tambellini","NYI","L","34","1984-04-13","Calgary","AB","CAN","CAN","71","188","2003","L.A","1","27","27"
"460","Jeff Woywitka","STL","D","35","1983-09-01","Vermilion","AB","CAN","CAN","75","227","2001","PHI","1","27","27"
"84","Jere Lehtinen","DAL","R","45","1973-06-24","Espoo","","FIN","FIN","72","194","1992","MNS","4","16","88"
"641","Jeremy Colliton","NYI","C","33","1985-01-13","Blackie","AB","CAN","CAN","74","214","2003","NYI","2","28","58"
"243","Jeremy Reich","BOS","C","39","1979-02-11","Craik","SK","CAN","CAN","73","203","1997","CHI","2","13","39"
"17","Jeremy Roenick","S.J","C","48","1970-01-17","Boston","MA","USA","USA","73","205","1988","CHI","1","8","8"
"672","Jeremy Williams","TOR","R","34","1984-01-26","Regina","SK","CAN","CAN","72","191","2003","TOR","7","23","220"
"371","Jerred Smithson","NSH","C","39","1979-02-04","Vernon","BC","CAN","CAN","75","209","-","-","-","-","-"
"209","Jesse Boulerice","PHI","R","40","1978-08-10","Plattsburgh","NY","USA","USA","74","215","1996","PHI","5","25","133"
"851","Jesse Winchester","OTT","C","35","1983-10-04","Long Sault","ON","CAN","CAN","73","188","-","-","-","-","-"
"29","Jim Dowd","PHI","C","49","1968-12-25","Brick","NJ","USA","USA","72","180","1987","N.J","8","2","149"
"575","Jim Slater","ATL","C","35","1982-12-09","Lapeer","MI","USA","USA","72","195","2002","ATL","1","30","30"
"374","Jim Vandermeer","CGY, CHI, PHI","D","38","1980-02-21","Caroline","AB","CAN","CAN","73","210","-","-","-","-","-"
"561","Jiri Hudler","DET","R","34","1984-01-04","Olomouc","","CZE","CZE","70","190","2002","DET","2","28","58"
"457","Jiri Novotny","CBJ","C","35","1983-08-12","Pelhrimov","","CZE","CZE","75","204","2001","BUF","1","22","22"
"822","Jiri Tlusty","TOR","L","30","1988-03-16","Slany","","CZE","CZE","72","205","2006","TOR","1","13","13"
"548","Joakim Lindstrom","CBJ","C","35","1983-12-05","Skellefteå","","SWE","SWE","72","187","2002","CBJ","2","11","41"
"169","Jochen Hecht","BUF","C","41","1977-06-21","Mannheim","","DEU","DEU","73","198","1995","STL","2","23","49"
"183","Jody Shelley","CBJ, S.J","L","42","1976-02-07","Thompson","MB","CAN","CAN","75","230","-","-","-","-","-"
"248","Joe Corvo","CAR, OTT","D","41","1977-06-20","Oak Park","IL","USA","USA","72","204","1997","L.A","4","3","83"
"297","Joe DiPenta","ANA","D","39","1979-02-25","Barrie","ON","CAN","CAN","74","220","1998","FLA","3","3","61"
"673","Joe Jensen","CAR","C","35","1983-02-06","Plymouth","MN","USA","USA","71","180","2003","PIT","8","3","232"
"594","Joe Motzko","WSH","R","38","1980-03-14","Bemidji","MN","USA","USA","72","184","-","-","-","-","-"
"669","Joe Pavelski","S.J","C","34","1984-07-11","Plover","WI","USA","USA","71","190","2003","S.J","7","8","205"
"18","Joe Sakic","COL","C","49","1969-07-07","Burnaby","BC","CAN","CAN","71","195","1987","QUE","1","15","15"
"232","Joe Thornton","S.J","C","39","1979-07-02","London","ON","CAN","CAN","76","220","1997","BOS","1","1","1"
"213","Joel Kwiatkowski","ATL","D","41","1977-03-22","Kindersley","SK","CAN","CAN","72","205","1996","DAL","8","5","194"
"411","Joel Lundqvist","DAL","C","36","1982-03-02","Are","","SWE","SWE","73","194","2000","DAL","3","3","68"
"487","Joel Perrault","PHX","C","35","1983-04-06","Montreal","QC","CAN","CAN","74","212","2001","ANA","5","6","137"
"563","Joey Mormina","CAR","D","36","1982-06-29","Montreal","QC","CAN","CAN","78","220","2002","PHI","6","27","193"
"562","Joffrey Lupul","PHI","L","35","1983-09-23","Fort Saskatchewan","AB","CAN","CAN","73","206","2002","ANA","1","7","7"
"733","Johan Franzen","DET","R","38","1979-12-23","Vetlanda","","SWE","SWE","76","232","2004","DET","3","32","97"
"293","John Erskine","WSH","D","38","1980-06-26","Kingston","ON","CAN","CAN","76","220","1998","DAL","2","12","39"
"263","John Madden","N.J","C","45","1973-05-04","Toronto","ON","CAN","CAN","71","190","-","-","-","-","-"
"326","John Pohl","TOR","C","39","1979-06-29","Rochester","MN","USA","USA","73","196","1998","STL","9","27","255"
"541","John Zeiler","L.A","R","36","1982-11-21","Jefferson Hills","PA","USA","USA","71","204","2002","PHX","5","1","132"
"423","John-Michael Liles","COL","D","38","1980-11-25","Indianapolis","IN","USA","USA","70","185","2000","COL","5","29","159"
"558","Johnny Boychuk","COL","D","34","1984-01-19","Edmonton","AB","CAN","CAN","74","227","2002","COL","2","31","61"
"502","Johnny Oduya","N.J","D","37","1981-10-01","Stockholm","","SWE","SWE","72","191","2001","WSH","7","25","221"
"37","Jon Klemm","L.A","D","48","1970-01-08","Cranbrook","BC","CAN","CAN","74","205","-","-","-","-","-"
"201","Jon Sim","NYI","L","41","1977-09-29","New glasgow","NS","CAN","CAN","70","189","1996","DAL","3","18","70"
"291","Jonathan Cheechoo","S.J","R","38","1980-07-15","Moose Factory","ON","CAN","CAN","73","206","1998","S.J","2","2","29"
"583","Jonathan Ericsson","DET","D","34","1984-03-02","Karlskrona","","SWE","SWE","76","220","2002","DET","9","31","291"
"646","Jonathan Filewich","PIT","R","34","1984-10-02","Kelowna","BC","CAN","CAN","74","208","2003","PIT","3","2","70"
"835","Jonathan Toews","CHI","C","30","1988-04-29","Winnipeg","MB","CAN","CAN","74","201","2006","CHI","1","3","3"
"545","Joni Pitkanen","EDM","D","35","1983-09-19","Oulu","","FIN","FIN","75","220","2002","PHI","1","4","4"
"812","Jordan Hendry","CHI","D","34","1984-02-23","Lanigan","SK","CAN","CAN","72","194","-","-","-","-","-"
"799","Jordan Lavallee-Smotherman","ATL","L","32","1986-05-11","Corvallis","OR","USA","USA","75","225","2005","ATL","4","25","116"
"344","Jordan Leopold","COL","D","38","1980-08-03","Golden Valley","MN","USA","USA","73","206","1999","ANA","2","16","44"
"828","Jordan Staal","PIT","C","30","1988-09-10","Thunder Bay","ON","CAN","CAN","76","220","2006","PIT","1","2","2"
"482","Jordin Tootoo","NSH","R","35","1983-02-02","Churchill","MB","CAN","CAN","69","195","2001","NSH","4","2","98"
"305","Josef Vasicek","NYI","C","38","1980-09-12","Havlickuv Brod","","CZE","CZE","77","214","1998","CAR","4","5","91"
"585","Josh Gorges","MTL","D","34","1984-08-14","Kelowna","BC","CAN","CAN","73","204","-","-","-","-","-"
"519","Josh Gratton","PHX","L","36","1982-09-09","Brantford","ON","CAN","CAN","74","215","-","-","-","-","-"
"632","Josh Hennessy","OTT","C","33","1985-02-07","Brockton","MA","USA","USA","72","200","2003","S.J","2","13","43"
"246","Josh Langfeld","NSH","R","41","1977-07-17","Fridley","MN","USA","USA","75","215","1997","OTT","3","13","66"
"67","Jozef Stumpel","FLA","L","46","1972-07-20","Nitra","","SVK","SVK","75","222","1991","BOS","2","18","40"
"692","Junior Lessard","DAL, T.B","R","38","1980-05-26","St. Joseph De Beauce","QC","CAN","CAN","71","191","-","-","-","-","-"
"497","Jussi Jokinen","DAL, T.B","L","35","1983-04-01","Kalajoki","","FIN","FIN","72","191","2001","DAL","6","27","192"
"787","Justin Abdelkader","DET","L","31","1987-02-25","Muskegon","MI","USA","USA","74","214","2005","DET","2","12","42"
"398","Justin Williams","CAR","R","37","1981-10-04","Cobourg","ON","CAN","CAN","73","184","2000","PHI","1","28","28"
"629","Kamil Kreps","FLA","C","34","1984-11-18","Litomerice","","CZE","CZE","74","194","2003","FLA","2","8","38"
"261","Karel Rachunek","N.J","D","39","1979-08-27","Zlin","","CZE","CZE","74","220","1997","OTT","9","12","229"
"515","Karl Stewart","T.B","L","35","1983-06-30","Scarborough","ON","CAN","CAN","71","185","-","-","-","-","-"
"323","Karlis Skrastins","COL, FLA","D","44","1974-07-09","Riga","","LVA","LVA","74","208","1998","NSH","9","2","230"
"514","Keith Aucoin","CAR","C","40","1978-11-06","Waltham","MA","USA","USA","68","171","-","-","-","-","-"
"529","Keith Ballard","PHX","D","36","1982-11-26","Baudette","MN","USA","USA","71","204","2002","BUF","1","11","11"
"27","Keith Carney","MIN","D","48","1970-02-03","Providence","RI","USA","USA","73","207","1988","BUF","4","13","76"
"49","Keith Tkachuk","STL","L","46","1972-03-28","Melrose","MA","USA","USA","74","235","1990","WIN","1","19","19"
"790","Keith Yandle","PHX","D","32","1986-09-09","Boston","MA","USA","USA","73","191","2005","PHX","4","14","105"
"36","Ken Klee","ATL","D","47","1971-04-24","Indianapolis","IN","USA","USA","73","210","1990","WSH","9","9","177"
"316","Kent Huskins","ANA","D","39","1979-05-04","Almonte","ON","CAN","CAN","76","210","1998","CHI","6","11","156"
"490","Kevin Bieksa","VAN","D","37","1981-06-16","Grimsby","ON","CAN","CAN","73","197","2001","VAN","5","20","151"
"516","Kevin Dallman","L.A","D","37","1981-02-26","Niagara Falls","ON","CAN","CAN","71","195","-","-","-","-","-"
"685","Kevin Doell","ATL","C","39","1979-07-15","Saskatoon","SK","CAN","CAN","71","190","-","-","-","-","-"
"628","Kevin Klein","NSH","D","33","1984-12-13","Kitchener","ON","CAN","CAN","73","206","2003","NSH","2","7","37"
"100","Kevyn Adams","CHI","C","44","1974-10-08","Washington","DC","USA","USA","73","200","1993","BOS","1","25","25"
"157","Kim Johnsson","MIN","D","42","1976-03-16","Malmö","","SWE","SWE","73","193","1994","NYR","11","26","286"
"124","Kimmo Timonen","PHI","D","43","1975-03-18","Kuopio","","FIN","FIN","70","194","1993","L.A","10","16","250"
"308","Kip Brennan","NYI","L","38","1980-08-27","Kingston","ON","CAN","CAN","76","230","1998","L.A","4","17","103"
"82","Kirk Maltby","DET","L","45","1972-12-22","Guelph","ON","CAN","CAN","72","195","1992","EDM","3","17","65"
"334","Kris Beech","CBJ, PIT, VAN","C","37","1981-02-05","Salmon Arm","BC","CAN","CAN","75","211","1999","WSH","1","7","7"
"5","Kris Draper","DET","C","47","1971-05-24","Toronto","ON","CAN","CAN","70","188","1989","WIN","3","20","62"
"788","Kris Letang","PIT","D","31","1987-04-24","Montreal","QC","CAN","CAN","72","201","2005","PIT","3","1","62"
"567","Kris Newbury","TOR","C","36","1982-02-19","Brampton","ON","CAN","CAN","71","205","2002","S.J","5","8","139"
"789","Kris Russell","CBJ","D","31","1987-05-02","Caroline","AB","CAN","CAN","70","170","2005","CBJ","3","6","67"
"741","Kris Versteeg","CHI","R","32","1986-05-13","Lethbridge","AB","CAN","CAN","71","176","2004","BOS","5","5","134"
"244","Kristian Huselius","CGY","L","40","1978-11-10","Osterhaninge","","SWE","SWE","74","184","1997","FLA","2","21","47"
"309","Krys Barch","DAL","R","38","1980-03-26","Hamilton","ON","CAN","CAN","74","225","1998","WSH","4","20","106"
"413","Kurt Sauer","COL","D","37","1981-01-16","St. Cloud","MN","USA","USA","76","222","2000","COL","3","23","88"
"405","Kurtis Foster","MIN","D","37","1981-11-24","Carp","ON","CAN","CAN","77","225","2000","CGY","2","10","40"
"670","Kyle Brodziak","EDM","C","34","1984-05-25","St. Paul","AB","CAN","CAN","74","205","2003","EDM","7","17","214"
"252","Kyle Calder","L.A","L","39","1979-01-05","Mannville","AB","CAN","CAN","71","177","1997","CHI","5","24","130"
"706","Kyle Chipchura","MTL","C","32","1986-02-19","Westlock","AB","CAN","CAN","74","203","2004","MTL","1","18","18"
"804","Kyle Cumiskey","COL","D","32","1986-12-02","Abbotsford","BC","CAN","CAN","71","180","2005","COL","7","28","222"
"840","Kyle Greentree","PHI","L","35","1983-11-15","Victoria","BC","CAN","CAN","75","215","-","-","-","-","-"
"164","Kyle McLaren","S.J","D","41","1977-06-18","Coaldale","AB","CAN","CAN","76","235","1995","BOS","1","9","9"
"820","Kyle Okposo","NYI","R","30","1988-04-16","St. Paul","MN","USA","USA","72","219","2006","NYI","1","7","7"
"658","Kyle Quincey","DET","D","33","1985-08-12","Kitchener","ON","CAN","CAN","74","210","2003","DET","4","31","132"
"848","Kyle Turris","PHX","C","29","1989-08-14","New Westminster","BC","CAN","CAN","73","190","2007","PHX","1","3","3"
"353","Kyle Wanvig","T.B","R","37","1981-01-29","Calgary","AB","CAN","CAN","74","210","2001","MIN","2","6","36"
"485","Kyle Wellwood","TOR","C","35","1983-05-16","Windsor","ON","CAN","CAN","70","181","2001","TOR","5","3","134"
"257","Ladislav Nagy","L.A","L","39","1979-06-01","Saca","","SVK","SVK","71","192","1997","STL","7","16","177"
"700","Ladislav Smid","EDM","D","32","1986-02-01","Frydlant","","CZE","CZE","76","210","2004","ANA","1","9","9"
"663","Lasse Kukkonen","PHI","D","37","1981-09-18","Oulu","","FIN","FIN","72","190","2003","CHI","5","15","151"
"702","Lauri Tukonen","L.A","R","32","1986-09-01","Hyvinkää","","FIN","FIN","74","187","2004","L.A","1","11","11"
"373","Lawrence Nycholat","OTT","D","39","1979-05-07","Calgary","AB","CAN","CAN","72","200","-","-","-","-","-"
"661","Lee Stempniak","STL","R","35","1983-02-04","West Seneca","NY","USA","USA","71","195","2003","STL","5","12","148"
"737","Liam Reddox","EDM","L","32","1986-01-27","Whitby","ON","CAN","CAN","71","178","2004","EDM","4","14","112"
"627","Loui Eriksson","DAL","L","33","1985-07-17","Gothenburg","","SWE","SWE","74","179","2003","DAL","2","3","33"
"417","Lubomir Visnovsky","L.A","D","42","1976-08-11","Topolcany","","SVK","SVK","70","192","2000","L.A","4","22","118"
"776","Luc Bourdon","VAN","D","31","1987-02-16","Shippagan","NB","CAN","CAN","75","211","2005","VAN","1","10","10"
"709","Lukas Kaspar","S.J","L","33","1985-09-23","Most","","CZE","CZE","74","225","2004","S.J","1","22","22"
"459","Lukas Krajicek","VAN","D","35","1983-03-11","Prostejov","","CZE","CZE","75","205","2001","FLA","1","24","24"
"15","Luke Richardson","OTT","D","49","1969-03-26","Ottawa","ON","CAN","CAN","75","214","1987","TOR","1","7","7"
"846","Magnus Johansson","CHI, FLA","D","45","1973-09-04","Linkoping","","SWE","SWE","71","180","-","-","-","-","-"
"277","Manny Malhotra","CBJ","C","38","1980-05-18","Mississauga","ON","CAN","CAN","74","207","1998","NYR","1","7","7"
"666","Marc Methot","CBJ","D","33","1985-06-21","Ottawa","ON","CAN","CAN","76","230","2003","CBJ","6","1","168"
"175","Marc Savard","BOS","C","41","1977-07-17","Ottawa","ON","CAN","CAN","70","188","1995","NYR","4","13","91"
"778","Marc Staal","NYR","D","31","1987-01-13","Thunder Bay","ON","CAN","CAN","76","213","2005","NYR","1","12","12"
"512","Marc-Andre Bergeron","ANA, NYI","D","38","1980-10-13","Trois-Rivieres","QC","CAN","CAN","69","190","-","-","-","-","-"
"792","Marc-Andre Gragnani","BUF","D","31","1987-03-11","Montreal","QC","CAN","CAN","75","205","2005","BUF","3","26","87"
"617","Marc-Antoine Pouliot","EDM","C","33","1985-05-22","","QC","CAN","CAN","74","203","2003","EDM","1","22","22"
"786","Marc-Edouard Vlasic","S.J","D","31","1987-03-30","Montreal","QC","CAN","CAN","73","205","2005","S.J","2","5","35"
"455","Marcel Goc","S.J","C","35","1983-08-24","Calw","","DEU","DEU","73","197","2001","S.J","1","20","20"
"389","Marcel Hossa","NYR, PHX","L","37","1981-10-12","Ilava","","SVK","SVK","75","220","2000","MTL","1","16","16"
"193","Marco Sturm","BOS","L","40","1978-09-08","Dingolfing","","DEU","DEU","72","196","1996","S.J","1","21","21"
"223","Marcus Nilson","CGY","L","40","1978-03-01","Balsta","","SWE","SWE","74","189","1996","FLA","1","20","20"
"110","Marek Malik","NYR","D","43","1975-06-24","Ostrava","","CZE","CZE","78","235","1993","HFD","3","20","72"
"504","Marek Svatos","COL","R","36","1982-06-17","Kosice","","SVK","SVK","70","185","2001","COL","7","31","227"
"494","Marek Zidlicky","NSH","D","41","1977-02-03","Most","","CZE","CZE","71","190","2001","NYR","6","11","176"
"384","Marian Gaborik","MIN","R","36","1982-02-14","Trencin","","SVK","SVK","73","200","2000","MIN","1","3","3"
"239","Marian Hossa","ATL, PIT","R","39","1979-01-12","Stará Lubovna","","SVK","SVK","73","207","1997","OTT","1","12","12"
"278","Mark Bell","TOR","C","38","1980-08-05","St. Pauls","ON","CAN","CAN","76","220","1998","CHI","1","8","8"
"327","Mark Eaton","PIT","D","41","1977-05-06","Wilmington","DE","USA","USA","73","215","-","-","-","-","-"
"713","Mark Fistric","DAL","D","32","1986-06-01","Edmonton","AB","CAN","CAN","74","225","2004","DAL","1","28","28"
"522","Mark Hartigan","DET","C","41","1977-10-15","Fort St. John","BC","CAN","CAN","72","200","-","-","-","-","-"
"272","Mark Mowers","ANA","R","44","1974-02-16","Decatur","GA","USA","USA","71","174","-","-","-","-","-"
"203","Mark Parrish","MIN","R","41","1977-02-02","Bloomington","MN","USA","USA","71","199","1996","COL","3","27","79"
"464","Mark Popovic","ATL","D","36","1982-10-11","Stoney Creek","ON","CAN","CAN","73","205","2001","ANA","2","5","35"
"14","Mark Recchi","ATL, PIT","R","50","1968-02-01","Kamloops","BC","CAN","CAN","70","195","1988","PIT","4","4","67"
"260","Mark Smith","CGY","C","41","1977-10-24","Edmonton","AB","CAN","CAN","70","200","1997","S.J","9","2","219"
"377","Mark Streit","MTL","D","40","1977-12-11","Bern","","CHE","CHE","71","186","2004","MTL","9","4","262"
"616","Mark Stuart","BOS","D","34","1984-04-27","Rochester","MN","USA","USA","74","215","2003","BOS","1","21","21"
"59","Markus Naslund","VAN","L","45","1973-07-30","Ornskoldsvik","","SWE","SWE","72","191","1991","PIT","1","16","16"
"361","Martin Erat","NSH","R","37","1981-08-29","Trebic","","CZE","CZE","72","196","1999","NSH","7","5","191"
"7","Martin Gelinas","NSH","L","48","1970-06-05","Shawinigan","QC","CAN","CAN","71","202","1988","L.A","1","7","7"
"779","Martin Hanzal","PHX","C","31","1987-02-20","Pisek","","CZE","CZE","78","230","2005","PHX","1","17","17"
"340","Martin Havlat","CHI","R","37","1981-04-19","Mlada Boleslav","","CZE","CZE","74","210","1999","OTT","1","26","26"
"55","Martin Lapointe","CHI, OTT","R","45","1973-09-12","Ville St. Pierre","QC","CAN","CAN","71","215","1991","DET","1","10","10"
"655","Martin Lojek","FLA","D","33","1985-08-19","Brno","","CZE","CZE","76","220","2003","FLA","4","4","105"
"61","Martin Rucinsky","STL","L","47","1971-03-11","Most","","CZE","CZE","73","205","1991","EDM","1","20","20"
"281","Martin Skoula","MIN","D","39","1979-10-28","Litomerice","","CZE","CZE","75","226","1998","COL","1","17","17"
"589","Martin St Pierre","CHI","C","35","1983-08-11","Ottawa","ON","CAN","CAN","69","188","-","-","-","-","-"
"264","Martin St. Louis","T.B","R","43","1975-06-18","Laval","QC","CAN","CAN","68","180","-","-","-","-","-"
"77","Martin Straka","NYR","C","46","1972-09-03","Plzen","","CZE","CZE","69","180","1992","PIT","1","19","19"
"190","Marty Reasoner","EDM","C","41","1977-02-26","Honeoye Falls","NY","USA","USA","73","197","1996","STL","1","14","14"
"764","Mason Raymond","VAN","L","33","1985-09-17","Cochrane","AB","CAN","CAN","73","179","2005","VAN","2","21","51"
"357","Mathias Tjarnqvist","PHX","L","39","1979-04-15","Umeaas","","SWE","SWE","74","196","1999","DAL","3","30","96"
"138","Mathieu Dandenault","MTL","R","42","1976-02-03","Sherbrooke","QC","CAN","CAN","72","208","1994","DET","2","23","49"
"381","Mathieu Darche","T.B","L","42","1976-11-26","Montreal","QC","CAN","CAN","73","215","-","-","-","-","-"
"671","Mathieu Roy","EDM","D","35","1983-08-10","St. Georges","QC","CAN","CAN","74","210","2003","EDM","7","18","215"
"19","Mathieu Schneider","ANA","D","49","1969-06-12","New York City","NY","USA","USA","71","192","1987","MTL","3","2","44"
"22","Mats Sundin","TOR","C","47","1971-02-13","Bromma","","SWE","SWE","77","231","1989","QUE","1","1","1"
"208","Matt Bradley","WSH","R","40","1978-06-13","Stittsville","ON","CAN","CAN","75","200","1996","S.J","4","22","102"
"635","Matt Carle","S.J","D","34","1984-09-25","Anchorage","AK","USA","USA","72","197","2003","S.J","2","17","47"
"225","Matt Cooke","VAN, WSH","L","40","1978-09-07","Belleville","ON","CAN","CAN","71","216","1997","VAN","6","10","144"
"195","Matt Cullen","CAR","C","42","1976-11-02","Virginia","MN","USA","USA","73","202","1996","ANA","2","9","35"
"801","Matt D'Agostini","MTL","R","32","1986-10-23","Sault Ste. Marie","ON","CAN","CAN","72","198","2005","MTL","6","28","190"
"525","Matt Ellis","DET, L.A","L","37","1981-08-31","Welland","ON","CAN","CAN","72","208","-","-","-","-","-"
"552","Matt Foy","MIN","R","35","1983-05-18","Oakville","ON","CAN","CAN","74","228","2002","MIN","6","9","175"
"543","Matt Greene","EDM","D","35","1983-05-13","Grand Ledge","MI","USA","USA","75","236","2002","EDM","2","14","44"
"753","Matt Hunwick","BOS","D","33","1985-05-21","Warren","MI","USA","USA","71","194","2004","BOS","7","31","224"
"536","Matt Jones","PHX","D","35","1983-08-08","Downers Grove","IL","USA","USA","72","224","2002","PHX","3","17","80"
"473","Matt Keith","NYI","R","35","1983-04-11","Edmonton","AB","CAN","CAN","74","200","2001","CHI","2","29","59"
"781","Matt Lashoff","BOS","D","32","1986-09-29","East Greenbush","NY","USA","USA","74","204","2005","BOS","1","22","22"
"678","Matt Moulson","L.A","L","35","1983-11-01","North York","ON","CAN","CAN","73","188","2003","PIT","9","2","263"
"345","Matt Murley","PHX","L","38","1979-12-17","Troy","NY","USA","USA","74","206","1999","PIT","2","23","51"
"784","Matt Niskanen","DAL","D","32","1986-12-06","Virginia","MN","USA","USA","73","203","2005","DAL","1","28","28"
"406","Matt Pettinger","VAN, WSH","L","38","1980-10-22","Edmonton","AB","CAN","CAN","73","205","2000","WSH","2","13","43"
"631","Matt Smaby","T.B","D","34","1984-10-14","Minneapolis","MN","USA","USA","78","230","2003","T.B","2","11","41"
"551","Matt Stajan","TOR","C","34","1983-12-19","Mississauga","ON","CAN","CAN","73","195","2002","TOR","2","27","57"
"303","Matt Walker","STL","D","38","1980-04-07","Beaverlodge","AB","CAN","CAN","76","215","1998","STL","3","25","83"
"427","Matthew Lombardi","CGY","C","36","1982-03-18","Montreal","QC","CAN","CAN","71","195","2002","CGY","3","27","90"
"462","Matthew Spiller","NYI","D","35","1983-02-07","Daysland","AB","CAN","CAN","77","233","2001","PHX","2","1","31"
"81","Mattias Norstrom","DAL","D","46","1972-01-02","Stockholm","","SWE","SWE","74","210","1992","NYR","2","24","48"
"132","Mattias Ohlund","VAN","D","42","1976-09-09","Pitea","","SWE","SWE","76","188","1994","VAN","1","13","13"
"765","Mattias Ritola","DET","C","31","1987-03-14","Borlange","","SWE","SWE","72","192","2005","DET","4","12","103"
"555","Max Talbot","PIT","C","34","1984-02-11","Lemoyne","QC","CAN","CAN","71","186","2002","PIT","8","5","234"
"247","Maxim Afinogenov","BUF","R","39","1979-09-04","Moscow","","RUS","RUS","72","190","1997","BUF","3","16","69"
"491","Maxim Kondratiev","ANA","D","35","1983-01-20","Togliatti","","RUS","RUS","73","197","2001","TOR","6","3","168"
"642","Maxim Lapierre","MTL","C","33","1985-03-29","Saint-Léonard","QC","CAN","CAN","74","215","2003","MTL","2","31","61"
"718","Michael Funk","BUF","D","32","1986-08-15","Abbotsford","BC","CAN","CAN","76","199","2004","BUF","2","13","43"
"69","Michael Nylander","WSH","C","46","1972-10-03","Stockholm","","SWE","SWE","73","200","1991","HFD","3","15","59"
"78","Michael Peca","CBJ","C","44","1974-03-26","Toronto","ON","CAN","CAN","71","183","1992","VAN","2","16","40"
"341","Michael Ryan","BUF","C","38","1980-05-16","Boston","MA","USA","USA","73","188","1999","DAL","2","4","32"
"325","Michael Ryder","MTL","R","38","1980-03-31","Bonavista","NL","CAN","CAN","73","200","1998","MTL","8","16","216"
"348","Michael Zigomanis","PHX","C","37","1981-01-17","Toronto","ON","CAN","CAN","72","200","2001","CAR","2","16","46"
"176","Michal Handzus","L.A","C","41","1977-03-11","Banská Bystrica","","SVK","SVK","77","215","1995","STL","4","23","101"
"207","Michal Rozsival","NYR","D","40","1978-09-03","Vlasim","","CZE","CZE","73","210","1996","PIT","4","25","105"
"418","Michel Ouellet","T.B","R","36","1982-03-05","Rimouski","QC","CAN","CAN","73","193","2000","PIT","4","28","124"
"431","Micki Dupont","STL","D","38","1980-04-15","Calgary","AB","CAN","CAN","70","186","2000","CGY","9","9","270"
"313","Mikael Samuelsson","DET","R","41","1976-12-23","Mariefred","","SWE","SWE","74","218","1998","S.J","5","31","145"
"763","Mike Blunden","CHI","R","31","1986-12-15","Toronto","ON","CAN","CAN","76","217","2005","CHI","2","13","43"
"746","Mike Brown","VAN","R","33","1985-06-24","Chicago","IL","USA","USA","71","205","2004","VAN","5","30","159"
"467","Mike Cammalleri","L.A","C","36","1982-06-08","Toronto","ON","CAN","CAN","69","185","2001","L.A","2","19","49"
"343","Mike Commodore","CAR, OTT","D","39","1979-11-07","Fort Saskatchewan","AB","CAN","CAN","76","227","1999","N.J","2","14","42"
"354","Mike Comrie","NYI","C","38","1980-09-11","Edmonton","AB","CAN","CAN","70","185","1999","EDM","3","25","91"
"294","Mike Fisher","OTT","C","38","1980-06-05","Peterborough","ON","CAN","CAN","73","216","1998","OTT","2","17","44"
"587","Mike Glumac","STL","C","38","1980-04-05","Niagara Falls","ON","CAN","CAN","74","209","-","-","-","-","-"
"714","Mike Green","WSH","D","33","1985-10-12","Calgary","AB","CAN","CAN","73","207","2004","WSH","1","29","29"
"122","Mike Grier","S.J","R","43","1975-01-05","Detroit","MI","USA","USA","73","224","1993","STL","9","11","219"
"761","Mike Iggulden","S.J","C","36","1982-11-09","St. Catharines","ON","CAN","CAN","75","215","-","-","-","-","-"
"230","Mike Johnson","STL","R","44","1974-10-03","Scarborough","ON","CAN","CAN","74","202","1992","MNS","6","10","130"
"70","Mike Knuble","PHI","R","46","1972-07-04","Toronto","ON","CAN","USA","75","229","1991","DET","4","10","76"
"446","Mike Komisarek","MTL","D","36","1982-01-19","West Islip","NY","USA","USA","76","235","2001","MTL","1","7","7"
"736","Mike Lundin","T.B","D","34","1984-09-24","Burnsville","MN","USA","USA","74","190","2004","T.B","4","4","102"
"11","Mike Modano","DAL","C","48","1970-06-07","Livonia","MI","USA","USA","75","212","1988","MNS","1","1","1"
"258","Mike Mottau","N.J","D","40","1978-03-19","Quincy","MA","USA","USA","72","195","1997","NYR","7","21","182"
"295","Mike Ribeiro","DAL","C","38","1980-02-10","Montreal","QC","CAN","CAN","72","179","1998","MTL","2","18","45"
"619","Mike Richards","PHI","C","33","1985-02-11","Kenora","ON","CAN","CAN","71","196","2003","PHI","1","24","24"
"279","Mike Rupp","N.J","L, R","38","1980-01-13","Cleveland","OH","USA","USA","77","235","2000","N.J","3","11","76"
"21","Mike Sillinger","NYI","C","47","1971-06-29","Regina","SK","CAN","CAN","71","198","1989","DET","1","11","11"
"285","Mike Van Ryn","FLA","D","39","1979-05-14","London","ON","CAN","CAN","73","213","1998","N.J","1","26","26"
"382","Mike Weaver","VAN","D","40","1978-05-02","Brampton","ON","CAN","CAN","70","186","-","-","-","-","-"
"818","Mike Weber","BUF","D","30","1987-12-16","Pittsburgh","PA","USA","USA","74","188","2006","BUF","2","27","57"
"253","Mike York","PHX","L","40","1978-01-03","Waterford","MI","USA","USA","70","185","1997","NYR","6","2","136"
"745","Mikhail Grabovski","MTL","C","34","1984-01-31","Potsdam","","DEU","BLR","71","186","2004","MTL","5","21","150"
"445","Mikko Koivu","MIN","C","35","1983-03-12","Turku","","FIN","FIN","75","219","2001","MIN","1","6","6"
"146","Milan Hejduk","COL","R","42","1976-02-14","Usti","","CZE","CZE","72","190","1994","QUE","4","9","87"
"507","Milan Jurcina","WSH","D","35","1983-06-07","Liptovsky Mikulas","","SVK","SVK","76","253","2001","BOS","8","14","241"
"821","Milan Lucic","BOS","L","30","1988-06-07","Vancouver","BC","CAN","CAN","75","231","2006","BOS","2","20","50"
"602","Milan Michalek","S.J","L","34","1984-12-07","Jindrichuv Hradec","","CZE","CZE","74","225","2003","S.J","1","6","6"
"113","Miroslav Satan","NYI","R","44","1974-10-22","Topolcany","","SVK","SVK","75","191","1993","EDM","5","7","111"
"582","Nate Guenin","PHI","D","35","1982-12-10","Aliquippa","PA","USA","USA","75","207","2002","NYR","4","31","127"
"599","Nathan Horton","FLA","R","33","1985-05-29","Welland","ON","CAN","CAN","74","188","2003","FLA","1","3","3"
"677","Nathan McIver","VAN","D","33","1985-01-06","Summerside","PE","CAN","CAN","74","205","2003","VAN","8","25","254"
"472","Nathan Paetsch","BUF","D","35","1983-03-30","Leroy","SK","CAN","CAN","73","198","2003","BUF","7","5","202"
"394","Nathan Smith","PIT","C","36","1982-02-09","Edmonton","AB","CAN","CAN","74","206","2000","VAN","1","23","23"
"237","Nick Boynton","PHX","D","39","1979-01-14","Nobleton","ON","CAN","CAN","73","218","1999","BOS","1","21","21"
"817","Nick Foligno","OTT","L","31","1987-10-31","Buffalo","NY","USA","USA","72","202","2006","OTT","1","28","28"
"401","Nick Schultz","MIN","D","36","1982-08-25","Strasbourg","SK","CAN","CAN","73","203","2000","MIN","2","3","33"
"680","Nick Tarnasky","T.B","L","34","1984-11-25","Rocky Mountain House","AB","CAN","CAN","74","188","2003","T.B","9","26","287"
"833","Nicklas Backstrom","WSH","C","31","1987-11-23","Gävle","","SWE","SWE","73","210","2006","WSH","1","4","4"
"724","Nicklas Grossmann","DAL","D","33","1985-01-22","Stockholm","","SWE","SWE","76","230","2004","DAL","2","26","56"
"40","Nicklas Lidstrom","DET","D","48","1970-04-28","Vasteras","","SWE","SWE","73","192","1989","DET","3","11","53"
"782","Niclas Bergfors","N.J","R","31","1987-03-07","Sodertalje","","SWE","SWE","70","194","2005","N.J","1","23","23"
"352","Niclas Havelid","ATL","D","45","1973-04-12","Stockholm","","SWE","SWE","72","200","1999","ANA","3","17","83"
"415","Niclas Wallin","CAR","D","43","1975-02-20","Boden","","SWE","SWE","75","220","2000","CAR","4","1","97"
"662","Nigel Dawes","NYR","L","33","1985-02-09","Winnipeg","MB","CAN","CAN","69","200","2003","NYR","5","13","149"
"288","Nik Antropov","TOR","C","38","1980-02-18","Ust-Kamenogorsk","","KAZ","KAZ","78","245","1998","TOR","1","10","10"
"350","Niklas Hagman","DAL","L","39","1979-12-05","Espoo","","FIN","FIN","70","205","1999","FLA","3","4","70"
"798","Niklas Hjalmarsson","CHI","D","31","1987-06-06","Eksjo","","SWE","SWE","75","197","2005","CHI","4","17","108"
"399","Niklas Kronwall","DET","D","37","1981-01-12","Stockholm","","SWE","SWE","72","194","2000","DET","1","29","29"
"322","Niko Kapanen","PHX","C","40","1978-04-29","Hämeenlinna","","FIN","FIN","68","180","1998","DAL","6","28","173"
"600","Nikolay Zherdev","CBJ","R","34","1984-11-05","Kiev","","UKR","RUS","74","203","2003","CBJ","1","4","4"
"370","Noah Clarke","N.J","L","39","1979-06-11","La Verne","CA","USA","USA","69","190","1999","L.A","9","7","250"
"469","Noah Welch","FLA","D","36","1982-08-26","Brighton","MA","USA","USA","76","215","2001","PIT","2","24","54"
"114","Nolan Pratt","BUF","D","43","1975-08-14","Fort McMurray","AB","CAN","CAN","75","207","1993","HFD","5","11","115"
"554","Ole-Kristian Tollefsen","CBJ","D","34","1984-03-29","Oslo","","NOR","NOR","74","211","2002","CBJ","3","2","65"
"234","Olli Jokinen","FLA","C","40","1978-12-05","Kuopio","","FIN","FIN","74","210","1997","L.A","1","3","3"
"416","Olli Malmivaara","N.J","D","36","1982-03-13","Kajaani","","FIN","FIN","79","230","2000","CHI","4","21","117"
"12","Owen Nolan","CGY","R","46","1972-02-12","Belfast","","GBR","CAN","73","214","1990","QUE","1","1","1"
"180","P.J. Axelsson","BOS","L","43","1975-02-26","Kungalv","","SWE","SWE","73","188","1995","BOS","7","21","177"
"266","Pascal Dupuis","ATL, PIT","R","39","1979-04-07","Laval","QC","CAN","CAN","73","205","-","-","-","-","-"
"509","Pascal Pelletier","BOS","L","35","1983-06-16","Labrador City","NL","CAN","CAN","71","191","-","-","-","-","-"
"633","Patrice Bergeron","BOS","C","33","1985-07-24","Ancienne-Lorette","QC","CAN","CAN","73","195","2003","BOS","2","15","45"
"3","Patrice Brisebois","MTL","D","47","1971-01-27","Montreal","QC","CAN","CAN","74","197","1989","MTL","2","9","30"
"624","Patrick Eaves","CAR, OTT","R","34","1984-05-01","Calgary","AB","CAN","USA","70","203","2003","OTT","1","29","29"
"748","Patrick Kaleta","BUF","R","32","1986-06-08","Buffalo","NY","USA","USA","73","198","2004","BUF","6","13","176"
"850","Patrick Kane","CHI","R","30","1988-11-19","Buffalo","NY","USA","USA","71","177","2007","CHI","1","1","1"
"233","Patrick Marleau","S.J","C","39","1979-09-15","Aneroid","SK","CAN","CAN","74","218","1997","S.J","1","2","2"
"640","Patrick O'Sullivan","L.A","C","33","1985-02-01","Toronto","ON","CAN","USA","71","189","2003","MIN","2","26","56"
"584","Patrick Rissmiller","S.J","L","40","1978-10-26","Belmont","MA","USA","USA","76","225","-","-","-","-","-"
"481","Patrick Sharp","CHI","L","36","1981-12-27","Winnipeg","MB","CAN","CAN","73","200","2001","PHI","3","32","95"
"591","Patrick Thoresen","EDM, PHI","L","35","1983-11-07","Oslo","","NOR","NOR","71","188","-","-","-","-","-"
"140","Patrik Elias","N.J","C","42","1976-04-13","Trebic","","CZE","CZE","73","190","1994","N.J","2","25","51"
"428","Paul Gaustad","BUF","C","36","1982-02-03","Fargo","ND","USA","USA","77","227","2000","BUF","7","23","220"
"92","Paul Kariya","STL","L","44","1974-10-16","Vancouver","BC","CAN","CAN","70","185","1993","ANA","1","4","4"
"236","Paul Mara","NYR","D","39","1979-09-07","Ridgewood","NJ","USA","USA","76","211","1997","T.B","1","7","7"
"410","Paul Martin","N.J","D","37","1981-03-05","Minneapolis","MN","USA","USA","73","200","2000","N.J","2","32","62"
"535","Paul Ranger","T.B","D","34","1984-09-12","Whitby","ON","CAN","CAN","75","210","2002","T.B","6","17","183"
"766","Paul Stastny","COL","C","32","1985-12-27","Quebec City","QC","CAN","USA","72","193","2005","COL","2","14","44"
"321","Pavel Datsyuk","DET","C","40","1978-07-20","Sverdlovsk","","RUS","RUS","71","188","1998","DET","6","26","171"
"221","Pavel Kubina","TOR","D","41","1977-04-15","Celadna","","CZE","CZE","76","258","1996","T.B","7","17","179"
"123","Pavol Demitra","MIN","R","44","1974-11-29","Dubnica nad Váhom","","SVK","SVK","72","200","1993","OTT","9","19","227"
"270","Pete Vandermeer","PHX","L","43","1975-10-14","Red Deer","AB","CAN","CAN","72","212","-","-","-","-","-"
"54","Peter Forsberg","COL","C","45","1973-07-20","Ornskoldsvik","","SWE","SWE","72","205","1991","PHI","1","6","6"
"814","Peter Harrold","L.A","D","35","1983-06-08","Kirtland Hills","OH","USA","USA","71","180","-","-","-","-","-"
"827","Peter Mueller","PHX","C","30","1988-04-14","Bloomington","MN","USA","USA","74","204","2006","PHX","1","8","8"
"172","Peter Schaefer","BOS","L","41","1977-07-12","Regina","SK","CAN","CAN","73","200","1995","VAN","3","14","66"
"534","Petr Prucha","NYR","R","36","1982-09-14","Chrudim","","CZE","CZE","72","175","2002","NYR","8","11","240"
"128","Petr Sykora","PIT","R","42","1976-11-19","Plzen","","CZE","CZE","72","190","1995","N.J","1","18","18"
"751","Petri Kontiola","CHI","C","34","1984-10-04","Seinajoki","","FIN","FIN","72","204","2004","CHI","7","3","196"
"705","Petteri Nokelainen","BOS","C","32","1986-01-16","Imatra","","FIN","FIN","73","201","2004","NYI","1","16","16"
"419","Petteri Nummelin","MIN","D","46","1972-11-25","Turku","","FIN","FIN","70","188","2000","CBJ","5","3","133"
"823","Petteri Wirtanen","ANA","C","32","1986-05-28","Hyvinkää","","FIN","FIN","73","207","2006","ANA","6","19","172"
"832","Phil Kessel","BOS","R","31","1987-10-02","Madison","WI","USA","USA","72","202","2006","BOS","1","5","5"
"57","Philippe Boucher","DAL","D","45","1973-03-24","St. Apollinaire","QC","CAN","CAN","75","218","1991","BUF","1","13","13"
"549","Pierre-Marc Bouchard","MIN","C","34","1984-04-27","Sherbrooke","QC","CAN","CAN","70","168","2002","MIN","1","8","8"
"250","Quintin Laing","WSH","L","39","1979-06-08","Harris","SK","CAN","CAN","75","193","1997","DET","4","22","102"
"452","R.J. Umberger","PHI","C","36","1982-05-03","Pittsburgh","PA","USA","USA","74","214","2001","VAN","1","16","16"
"126","Radek Bonk","NSH","C","42","1976-01-09","Krnov","","CZE","CZE","74","210","1994","OTT","1","3","3"
"165","Radek Dvorak","FLA","R","41","1977-03-09","Tabor","","CZE","CZE","74","195","1995","FLA","1","10","10"
"366","Radek Martinek","NYI","D","42","1976-08-31","Havlickuv Brod","","CZE","CZE","72","205","1999","NYI","8","13","228"
"363","Radim Vrbata","PHX","R","37","1981-06-13","Mlada Boleslav","","CZE","CZE","73","194","1999","COL","7","26","212"
"386","Raffi Torres","EDM","L","37","1981-10-08","Toronto","ON","CAN","CAN","72","215","2000","NYI","1","5","5"
"440","Raitis Ivanans","L.A","L","39","1979-01-03","Riga","","LVA","LVA","76","231","-","-","-","-","-"
"683","Randy Jones","PHI","D","37","1981-07-23","Quispamsis","NB","CAN","CAN","74","210","-","-","-","-","-"
"231","Randy Robitaille","OTT","C","43","1975-10-12","Ottawa","ON","CAN","CAN","71","200","-","-","-","-","-"
"63","Ray Whitney","CAR","L","46","1972-05-08","Fort Saskatchewan","AB","CAN","CAN","70","180","1991","S.J","2","1","23"
"757","Rene Bourque","CHI","R","36","1981-12-10","Lac La Biche","AB","CAN","CAN","74","217","-","-","-","-","-"
"135","Rhett Warrener","CGY","D","42","1976-01-27","Shaunavon","SK","CAN","CAN","73","203","1994","FLA","2","1","27"
"758","Rich Peverley","NSH","C","36","1982-07-08","Kingston","ON","CAN","CAN","71","195","-","-","-","-","-"
"139","Richard Park","NYI","R","42","1976-05-27","Seoul","","KOR","USA","71","190","1994","PIT","2","24","50"
"154","Richard Zednik","FLA","R","42","1976-01-06","Bystrica","","SVK","SVK","72","200","1994","WSH","10","15","249"
"527","Rick Nash","CBJ","R","34","1984-06-16","Brampton","ON","CAN","CAN","76","211","2002","CBJ","1","1","1"
"759","Rick Rypien","VAN","C","34","1984-05-16","Coleman","AB","CAN","CAN","71","190","-","-","-","-","-"
"434","Riley Cote","PHI","L","36","1982-03-16","Winnipeg","MB","CAN","CAN","74","220","-","-","-","-","-"
"1","Rob Blake","L.A","D","48","1969-12-10","Simcoe","ON","CAN","CAN","76","220","1988","L.A","4","7","70"
"306","Rob Davison","NYI, S.J","D","38","1980-05-01","St. Catharines","ON","CAN","CAN","74","215","1998","S.J","4","12","98"
"579","Rob Globke","FLA","R","36","1982-10-24","Farmington","MI","USA","USA","74","208","2002","FLA","2","10","40"
"93","Rob Niedermayer","ANA","C","43","1974-12-28","Cassiar","BC","CAN","CAN","74","203","1993","FLA","1","5","5"
"711","Rob Schremp","EDM","C","32","1986-07-01","Fulton","NY","USA","USA","71","200","2004","EDM","1","25","25"
"312","Rob Scuderi","PIT","D","39","1978-12-30","Syosset","NY","USA","USA","73","216","1998","PIT","5","20","134"
"750","Robbie Earl","TOR","L","33","1985-06-02","Chicago","IL","USA","USA","73","195","2004","TOR","6","24","187"
"39","Robert Lang","CHI","C","47","1970-12-19","Teplice","","CZE","CZE","75","217","1990","L.A","7","7","133"
"610","Robert Nilsson","EDM","C","33","1985-01-10","Calgary","AB","CAN","SWE","71","185","2003","NYI","1","15","15"
"282","Robyn Regehr","CGY","D","38","1980-04-19","Recife","","BRA","CAN","75","222","1998","COL","1","19","19"
"2","Rod Brind'Amour","CAR","C","48","1970-08-09","Ottawa","ON","CAN","CAN","73","205","1988","STL","1","9","9"
"809","Rod Pelley","N.J","C","34","1984-09-01","Kitimat","BC","CAN","CAN","72","205","-","-","-","-","-"
"73","Roman Hamrlik","MTL","D","44","1974-04-12","Zlin","","CZE","CZE","74","206","1992","T.B","1","1","1"
"749","Roman Polak","STL","D","32","1986-04-28","Ostrava","","CZE","CZE","74","240","2004","STL","6","17","180"
"388","Ron Hainsey","CBJ","D","37","1981-03-24","Bolton","CT","USA","USA","75","205","2000","MTL","1","13","13"
"107","Rory Fitzpatrick","PHI","D","43","1975-01-11","Rochester","NY","USA","USA","74","210","1993","MTL","2","21","47"
"385","Rostislav Klesla","CBJ","D","36","1982-03-21","Novy Jicin","","CZE","CZE","75","215","2000","CBJ","1","4","4"
"698","Rostislav Olesz","FLA","L","33","1985-10-10","Bilovec","","CZE","CZE","74","215","2004","FLA","1","7","7"
"372","Ruslan Fedotenko","NYI","L","39","1979-01-18","Kiev","","UKR","UKR","73","188","-","-","-","-","-"
"188","Ruslan Salei","COL, FLA","D","44","1974-11-02","Minsk","","BLR","BLR","73","212","1996","ANA","1","9","9"
"412","Ryan Bayda","CAR","L","37","1980-12-09","Saskatoon","SK","CAN","CAN","71","185","2000","CAR","3","15","80"
"426","Ryan Caldwell","PHX","D","37","1981-06-15","Deloraine","MB","CAN","CAN","74","174","2000","NYI","7","5","202"
"740","Ryan Callahan","NYR","R","33","1985-03-21","Rochester","NY","USA","USA","70","187","2004","NYR","4","29","127"
"838","Ryan Carter","ANA","L","35","1983-08-03","White Bear Lake","MN","USA","USA","73","205","-","-","-","-","-"
"533","Ryan Craig","T.B","C","36","1982-01-06","Abbotsford","BC","CAN","CAN","74","213","2002","T.B","8","26","255"
"614","Ryan Getzlaf","ANA","C","33","1985-05-10","Regina","SK","CAN","CAN","76","225","2003","ANA","1","19","19"
"506","Ryan Hollweg","NYR","L","35","1983-04-23","Downey","CA","USA","USA","70","212","2001","NYR","8","11","238"
"136","Ryan Johnson","STL","C","42","1976-06-14","Thunder Bay","ON","CAN","CAN","73","199","1994","FLA","2","10","36"
"618","Ryan Kesler","VAN","C","34","1984-08-31","Livonia","MI","USA","USA","74","206","2003","VAN","1","23","23"
"359","Ryan Malone","PIT","L","39","1979-12-01","Pittsburgh","PA","USA","USA","76","224","1999","PIT","4","19","115"
"649","Ryan O'Byrne","MTL","D","34","1984-07-19","Victoria","BC","CAN","CAN","77","234","2003","MTL","3","11","79"
"780","Ryan Parent","PHI","D","31","1987-03-17","Prince Albert","SK","CAN","CAN","75","198","2005","NSH","1","18","18"
"652","Ryan Potulny","PHI","C","34","1984-09-05","Grand Forks","ND","USA","USA","72","182","2003","PHI","3","19","87"
"760","Ryan Shannon","VAN","R","35","1983-03-02","Darien","CT","USA","USA","69","175","-","-","-","-","-"
"130","Ryan Smyth","COL","L","42","1976-02-21","Banff","AB","CAN","CAN","74","191","1994","EDM","1","6","6"
"626","Ryan Stone","PIT","C","33","1985-03-20","Calgary","AB","CAN","CAN","74","207","2003","PIT","2","2","32"
"603","Ryan Suter","NSH","D","33","1985-01-21","Madison","WI","USA","USA","74","208","2003","NSH","1","7","7"
"580","Ryan Whitney","PIT","D","35","1983-02-19","Boston","MA","USA","USA","76","209","2002","PIT","1","5","5"
"493","Ryane Clowe","S.J","L","36","1982-09-30","St. John's","NL","CAN","CAN","75","188","2001","S.J","6","10","175"
"97","Saku Koivu","MTL","C","44","1974-11-23","Turku","","FIN","FIN","70","181","1993","MTL","1","21","21"
"847","Sam Gagner","EDM","C","29","1989-08-10","London","ON","CAN","CAN","71","200","2007","EDM","1","6","6"
"174","Sami Kapanen","PHI","R","45","1973-06-14","Vantaa","","FIN","FIN","70","185","1995","HFD","4","9","87"
"728","Sami Lepisto","WSH","D","34","1984-10-17","Espoo","","FIN","FIN","73","193","2004","WSH","3","1","66"
"220","Sami Salo","VAN","D","44","1974-09-02","Turku","","FIN","FIN","75","215","1996","OTT","9","24","239"
"218","Samuel Pahlsson","ANA","C","40","1977-12-17","Ange","","SWE","SWE","72","202","1996","COL","7","14","176"
"66","Sandis Ozolinsh","S.J","D","46","1972-08-03","Riga","","LVA","LVA","75","215","1991","S.J","2","8","30"
"286","Scott Gomez","NYR","C","38","1979-12-23","Anchorage","AK","USA","USA","71","200","1998","N.J","1","27","27"
"241","Scott Hannan","COL","D","39","1979-01-23","Richmond","BC","CAN","CAN","73","215","1997","S.J","1","23","23"
"387","Scott Hartnell","PHI","L","36","1982-04-18","Regina","SK","CAN","CAN","74","215","2000","NSH","1","6","6"
"125","Scott Nichol","NSH","C","43","1974-12-31","Edmonton","AB","CAN","CAN","68","179","1993","BUF","11","12","272"
"52","Scott Niedermayer","ANA","D","45","1973-08-31","Edmonton","AB","CAN","CAN","73","194","1991","N.J","1","3","3"
"200","Scott Parker","COL","R","40","1978-01-29","Hanford","CA","USA","USA","77","240","1998","COL","1","20","20"
"23","Scott Thornton","L.A","L","47","1971-01-09","London","ON","CAN","CAN","75","220","1989","TOR","1","3","3"
"115","Scott Walker","CAR","R","45","1973-07-19","Cambridge","ON","CAN","CAN","70","196","1993","VAN","5","20","124"
"539","Scottie Upshall","PHI","R","35","1983-10-07","Fort McMurray","AB","CAN","CAN","72","200","2002","NSH","1","6","6"
"375","Sean Avery","NYR","L","38","1980-04-10","North York","ON","CAN","CAN","70","195","-","-","-","-","-"
"556","Sean Bergenheim","NYI","L","34","1984-02-08","Helsinki","","FIN","FIN","71","201","2002","NYI","1","22","22"
"35","Sean Hill","MIN","D","48","1970-02-14","Duluth","MN","USA","USA","72","204","1988","MTL","8","20","167"
"72","Sean O'Donnell","ANA","D","47","1971-10-13","Ottawa","ON","CAN","CAN","74","238","1991","BUF","6","13","123"
"79","Sergei Brylin","N.J","L","44","1974-01-13","Moscow","","RUS","RUS","70","190","1992","N.J","2","18","42"
"6","Sergei Fedorov","CBJ, WSH","C","48","1969-12-13","Pskov","","RUS","RUS","74","207","1989","DET","4","11","74"
"75","Sergei Gonchar","PIT","D","44","1974-04-13","Chelyabinsk","","RUS","RUS","74","210","1992","WSH","1","14","14"
"802","Sergei Kostitsyn","MTL","L","31","1987-03-20","Novopolotsk","","BLR","BLR","72","196","2005","MTL","7","6","200"
"229","Sergei Samsonov","CAR, CHI","L","40","1978-10-27","Moscow","","RUS","RUS","68","188","1997","BOS","1","8","8"
"51","Sergei Zubov","DAL","D","48","1970-07-22","Moscow","","RUS","RUS","73","198","1990","NYR","5","1","85"
"163","Shane Doan","PHX","R","42","1976-10-10","Halkirk","AB","CAN","CAN","73","223","1995","WIN","1","7","7"
"152","Shane Hnidy","ANA, BOS","D","43","1975-11-08","Neepawa","MB","CAN","CAN","74","204","1994","BUF","7","17","173"
"676","Shane O'Brien","T.B","D","35","1983-08-09","Port Hope","ON","CAN","CAN","75","230","2003","ANA","8","21","250"
"454","Shaone Morrisonn","WSH","D","35","1982-12-23","Vancouver","BC","CAN","CAN","76","210","2001","BOS","1","19","19"
"112","Shawn Bates","NYI","C","43","1975-04-03","Medford","MA","USA","USA","72","210","1993","BOS","4","25","103"
"307","Shawn Horcoff","EDM","C","40","1978-09-17","Trail","BC","CAN","CAN","73","210","1998","EDM","4","13","99"
"834","Shawn Matthias","FLA","L","30","1988-02-19","Mississauga","ON","CAN","CAN","76","231","2006","DET","2","17","47"
"227","Shawn Thornton","BOS","L","41","1977-07-23","Oshawa","ON","CAN","CAN","74","217","1997","TOR","7","29","190"
"636","Shea Weber","NSH","D","33","1985-08-14","Sicamous","BC","CAN","CAN","76","229","2003","NSH","2","19","49"
"101","Shean Donovan","OTT","R","43","1975-01-22","Timmins","ON","CAN","CAN","75","218","1993","S.J","2","2","28"
"521","Sheldon Brookbank","N.J","D","38","1980-10-03","Lanigan","SK","CAN","CAN","73","202","-","-","-","-","-"
"143","Sheldon Souray","EDM","D","42","1976-07-13","Elk Point","AB","CAN","CAN","76","231","1994","N.J","3","19","71"
"768","Sidney Crosby","PIT","C","31","1987-08-07","Cole Harbour","NS","CAN","CAN","71","200","2005","PIT","1","1","1"
"283","Simon Gagne","PHI","L","38","1980-02-29","Ste. Foy","QC","CAN","CAN","73","195","1998","PHI","1","22","22"
"432","Simon Gamache","TOR","L","37","1981-01-03","Thetford Mines","QC","CAN","CAN","70","186","2000","ATL","9","29","290"
"530","Staffan Kronwall","TOR","D","36","1982-09-10","Järfälla","","SWE","SWE","75","209","2002","TOR","9","25","285"
"639","Stefan Meyer","FLA","L","33","1985-07-20","Medicine Hat","AB","CAN","CAN","74","200","2003","FLA","2","25","55"
"650","Stefan Ruzicka","PHI","R","33","1985-02-17","Nitra","","SVK","SVK","72","200","2003","PHI","3","13","81"
"178","Stephane Robidas","DAL","D","41","1977-03-03","Sherbrooke","QC","CAN","CAN","71","190","1995","MTL","7","8","164"
"480","Stephane Veilleux","MIN","L","37","1981-11-16","Beauceville","QC","CAN","CAN","73","200","2001","MIN","3","30","93"
"88","Stephane Yelle","CGY","C","44","1974-05-09","Ottawa","ON","CAN","CAN","74","182","1992","N.J","8","18","186"
"444","Stephen Weiss","FLA","C","35","1983-04-03","Toronto","ON","CAN","CAN","71","190","2001","FLA","1","4","4"
"196","Steve Begin","MTL","L","40","1978-06-14","Trois-Rivieres","QC","CAN","CAN","72","192","1996","CGY","2","14","40"
"611","Steve Bernier","BUF, S.J","R","33","1985-03-31","Quebec City","QC","CAN","CAN","75","222","2003","S.J","1","16","16"
"785","Steve Downie","PHI","R","31","1987-04-03","Newmarket","ON","CAN","CAN","71","191","2005","PHI","1","29","29"
"559","Steve Eminger","WSH","D","35","1983-10-31","Woodbridge","ON","CAN","CAN","74","207","2002","WSH","1","12","12"
"162","Steve Kelly","MIN","C","42","1976-10-26","Vancouver","BC","CAN","CAN","74","210","1995","EDM","1","6","6"
"339","Steve McCarthy","ATL","D","37","1981-02-03","Trail","BC","CAN","CAN","73","210","1999","CHI","1","23","23"
"438","Steve Montador","FLA","D","38","1979-12-21","Vancouver","BC","CAN","CAN","72","210","-","-","-","-","-"
"396","Steve Ott","DAL","C","36","1982-08-19","Summerside","PE","CAN","CAN","72","193","2000","DAL","1","25","25"
"744","Steve Regier","NYI","L","34","1984-08-31","Edmonton","AB","CAN","CAN","76","194","2004","NYI","5","19","148"
"379","Steve Reinprecht","PHX","C","42","1976-05-07","Edmonton","AB","CAN","CAN","72","188","-","-","-","-","-"
"64","Steve Staios","EDM","D","45","1973-07-28","Hamilton","ON","CAN","CAN","73","200","1991","STL","2","5","27"
"841","Steve Wagner","STL","D","34","1984-03-06","Grand Rapids","MN","USA","USA","74","200","-","-","-","-","-"
"26","Stu Barnes","DAL","C","47","1970-12-25","Spruce Grove","AB","CAN","CAN","71","182","1989","WIN","1","4","4"
"793","T.J. Hensick","COL","C","32","1985-12-10","Lansing","MI","USA","USA","70","190","2005","COL","3","27","88"
"679","Tanner Glass","FLA","L","35","1983-11-29","Regina","SK","CAN","CAN","73","213","2003","FLA","9","4","265"
"335","Taylor Pyatt","VAN","L","37","1981-08-19","Thunder Bay","ON","CAN","CAN","76","230","1999","NYI","1","8","8"
"843","Teddy Purcell","L.A","L","33","1985-09-08","St. John's","NL","CAN","CAN","74","195","-","-","-","-","-"
"45","Teemu Selanne","ANA","R","48","1970-07-03","Helsinki","","FIN","FIN","72","209","1988","WIN","1","10","10"
"13","Teppo Numminen","BUF","D","50","1968-07-03","Tampere","","FIN","FIN","74","198","1986","WIN","2","8","29"
"826","Theo Peckham","EDM","D","31","1987-11-10","Richmond Hill","ON","CAN","CAN","74","246","2006","EDM","3","12","75"
"520","Thomas Pock","NYR","D","37","1981-12-02","Klagenfurt","","AUT","AUT","73","210","-","-","-","-","-"
"601","Thomas Vanek","BUF","L","34","1984-01-19","Vienna","","AUT","AUT","74","214","2003","BUF","1","5","5"
"574","Tim Brent","PIT","C","34","1984-03-10","Cambridge","","CAN","CAN","72","188","2004","ANA","3","10","75"
"537","Tim Conboy","CAR","D","36","1982-03-22","Farmington","MN","USA","USA","74","210","2002","S.J","7","20","217"
"333","Tim Connolly","BUF","C","37","1981-05-07","Syracuse","NY","USA","USA","73","190","1999","NYI","1","5","5"
"458","Tim Gleason","CAR","D","35","1983-01-29","Clawson","MI","USA","USA","72","217","2001","OTT","1","23","23"
"465","Tim Jackman","NYI","R","37","1981-11-14","Minot","ND","USA","USA","74","188","2001","CBJ","2","8","38"
"630","Tim Ramholt","CGY","D","34","1984-11-02","Fernie","BC","CAN","CHE","74","170","2003","CGY","2","9","39"
"674","Toby Enstrom","ATL","D","34","1984-11-05","Nordingra","","SWE","SWE","70","180","2003","ATL","8","10","239"
"324","Toby Petersen","DAL","C","40","1978-10-27","Minneapolis","MN","USA","USA","70","195","1998","PIT","9","16","244"
"99","Todd Bertuzzi","ANA","R","43","1975-02-02","Sudbury","ON","CAN","CAN","75","229","1993","NYI","1","23","23"
"255","Todd Fedoruk","DAL, MIN","L","39","1979-02-13","Redwater","AB","CAN","CAN","74","232","1997","PHI","7","3","164"
"119","Todd Marchant","ANA","C","45","1973-08-12","Buffalo","NY","USA","USA","70","180","1993","NYR","7","8","164"
"265","Todd White","ATL","C","43","1975-05-21","Kanata","ON","CAN","CAN","70","198","-","-","-","-","-"
"496","Tom Cavanagh","S.J","R","36","1982-03-24","Warwick","RI","USA","USA","72","200","2001","S.J","6","17","182"
"538","Tom Gilbert","EDM","D","35","1983-01-10","Bloomington","MN","USA","USA","74","210","2002","COL","4","33","129"
"267","Tom Kostopoulos","MTL","R","39","1979-01-24","Mississauga","ON","CAN","CAN","72","197","1999","PIT","7","18","204"
"199","Tom Poti","WSH","D","41","1977-03-22","Worcester","MA","USA","USA","75","190","1996","EDM","3","7","59"
"595","Tom Preissing","L.A","D","40","1978-12-03","Arlington Heights","IL","USA","USA","72","197","-","-","-","-","-"
"830","Tom Sestito","CBJ","L","31","1987-09-28","Rome","NY","USA","USA","77","228","2006","CBJ","3","22","85"
"526","Tomas Fleischmann","WSH","L","34","1984-05-16","Koprivnice","","CZE","CZE","73","192","2002","DET","2","33","63"
"155","Tomas Holmstrom","DET","L","45","1973-01-23","Pitea","","SWE","SWE","72","200","1994","DET","10","23","257"
"219","Tomas Kaberle","TOR","D","40","1978-03-02","Rakovnik","","CZE","CZE","73","212","1996","TOR","8","15","204"
"404","Tomas Kopecky","DET","R","36","1982-02-05","Ilava","","SVK","SVK","75","210","2000","DET","2","8","38"
"475","Tomas Plekanec","MTL","C","36","1982-10-31","Kladno","","CZE","CZE","71","190","2001","MTL","3","8","71"
"488","Tomas Plihal","S.J","C","35","1983-03-28","Frydlant","","CZE","CZE","73","210","2001","S.J","5","9","140"
"205","Toni Lydman","BUF","D","41","1977-09-25","Lahti","","FIN","FIN","74","213","1996","CGY","4","9","89"
"739","Torrey Mitchell","S.J","C","33","1985-01-30","Greenfield Park","QC","CAN","CAN","71","186","2004","S.J","4","28","126"
"421","Travis Moen","ANA","L","36","1982-04-06","Stewart Valley","SK","CAN","CAN","74","215","2000","CGY","5","25","155"
"707","Travis Zajac","N.J","C","33","1985-05-13","Winnipeg","MB","CAN","CAN","74","185","2004","N.J","1","20","20"
"314","Trent Hunter","NYI","R","38","1980-07-05","Red Deer","AB","CAN","CAN","75","217","1998","ANA","6","5","150"
"540","Trevor Daley","DAL","D","35","1983-10-09","Toronto","ON","CAN","CAN","71","195","2002","DAL","2","13","43"
"217","Trevor Letowski","CAR","R","41","1977-04-05","Thunder Bay","ON","CAN","CAN","70","180","1996","PHX","7","12","174"
"10","Trevor Linden","VAN","C","48","1970-04-11","Medicine Hat","AB","CAN","CAN","76","220","1988","VAN","1","2","2"
"752","Troy Brouwer","CHI","R","33","1985-08-17","Vancouver","BC","CAN","CAN","75","213","2004","CHI","7","21","214"
"447","Tuomo Ruutu","CAR, CHI","L","35","1983-02-16","Vantaa","","FIN","FIN","72","200","2001","CHI","1","9","9"
"317","Tyler Arnason","COL","C","39","1979-03-16","Oklahoma City","OK","USA","USA","71","204","1998","CHI","7","10","183"
"735","Tyler Kennedy","PIT","C","32","1986-07-15","Sault Ste. Marie","ON","CAN","CAN","71","185","2004","PIT","4","1","99"
"528","Valtteri Filppula","DET","C","34","1984-03-20","Vantaa","","FIN","FIN","72","196","2002","DET","3","32","95"
"510","Vernon Fiddler","NSH","C","38","1980-05-09","Edmonton","AB","CAN","CAN","71","205","-","-","-","-","-"
"94","Viktor Kozlov","WSH","C","43","1975-02-14","Togliatti","","RUS","RUS","76","232","1993","S.J","1","6","6"
"815","Ville Koistinen","NSH","D","36","1982-06-17","Oulu","","FIN","FIN","71","187","-","-","-","-","-"
"108","Ville Peltonen","FLA","L","45","1973-05-24","Vantaa","","FIN","FIN","71","182","1993","S.J","3","6","58"
"273","Vincent Lecavalier","T.B","C","38","1980-04-21","Ile Bizard","QC","CAN","CAN","76","215","1998","T.B","1","1","1"
"109","Vinny Prospal","PHI, T.B","L","43","1975-02-17","Ceské Budejovice","","CZE","CZE","74","191","1993","PHI","3","19","71"
"287","Vitaly Vishnevski","N.J","D","38","1980-03-18","Kharkov","","UKR","RUS","74","215","1998","ANA","1","5","5"
"791","Vladimir Sobotka","BOS","L","31","1987-07-02","Trebic","","CZE","CZE","70","189","2005","BOS","4","15","106"
"38","Vyacheslav Kozlov","ATL","L","46","1972-05-03","Voskresensk","","RUS","RUS","70","190","1990","DET","3","3","45"
"131","Wade Belak","FLA, TOR","R","42","1976-07-03","Saskatoon","SK","CAN","CAN","77","222","1994","QUE","1","12","12"
"439","Wade Brookbank","CAR","D","41","1977-09-29","Lanigan","SK","CAN","CAN","76","225","-","-","-","-","-"
"159","Wade Redden","OTT","D","41","1977-06-12","Lloydminster","SK","CAN","CAN","74","205","1995","NYI","1","2","2"
"134","Wayne Primeau","CGY","C","42","1976-06-04","Scarborough","ON","CAN","CAN","76","225","1994","BUF","1","17","17"
"24","Wes Walz","MIN","C","48","1970-05-15","Calgary","AB","CAN","CAN","71","190","1989","BOS","3","15","57"
"216","Willie Mitchell","VAN","D","41","1977-04-23","Port McNeill","BC","CAN","CAN","75","210","1996","N.J","8","10","199"
"708","Wojtek Wolski","COL","L","32","1986-02-24","Zabrze","","POL","CAN","75","215","2004","COL","1","21","21"
"262","Wyatt Smith","COL","C","41","1977-02-13","Thief River Falls","MN","USA","USA","71","205","1997","PHX","9","16","233"
"565","Yan Stastny","STL","C","36","1982-09-30","Quebec City","QC","CAN","USA","70","191","2002","BOS","8","30","259"
"68","Yanic Perreault","CHI","C","47","1971-04-04","Sherbrooke","QC","CAN","CAN","71","185","1991","TOR","3","3","47"
"612","Zach Parise","N.J","L","34","1984-07-28","Minneapolis","MN","USA","USA","71","193","2003","N.J","1","17","17"
"653","Zack Fitzgerald","VAN","D","33","1985-06-16","Two Harbors","MN","USA","USA","74","205","2003","STL","3","20","88"
"654","Zack Stortini","EDM","R","33","1985-09-11","Elliot Lake","ON","CAN","CAN","74","219","2003","EDM","3","26","94"
"511","Zbynek Michalek","PHX","D","35","1982-12-23","Jindrichuv Hradec","","CZE","CZE","74","210","-","-","-","-","-"
"198","Zdeno Chara","BOS","D","41","1977-03-18","Trencin","","SVK","SVK","81","250","1996","NYI","3","4","56"
"518","Zenon Konopka","CBJ","C","37","1981-01-02","Niagara on the Lake","ON","CAN","CAN","72","213","-","-","-","-","-"