John Tavares,TOR,"15,900,000","11,000,000"
Carey Price,MTL,"15,000,000","10,500,000"
Connor McDavid,EDM,"15,000,000","12,500,000"
Jamie Benn,DAL,"13,000,000","9,500,000"
Jonathan Toews,CHI,"12,000,000","10,500,000"
John Carlson,WSH,"12,000,000","8,000,000"
Anze Kopitar,LAK,"12,000,000","10,000,000"
Patrick Kane,CHI,"12,000,000","10,500,000"
Brent Burns,SJS,"10,000,000","8,000,000"
Alex Ovechkin,WSH,"10,000,000","9,538,462"
Sidney Crosby,PIT,"10,000,000","8,700,000"
P.K. Subban,NSH,"10,000,000","9,000,000"
Jack Eichel,BUF,"10,000,000","10,000,000"
Evgeny Kuznetsov,WSH,"10,000,000","7,800,000"
Steven Stamkos,TBL,"9,500,000","8,500,000"
Evgeni Malkin,PIT,"9,500,000","9,500,000"
Jakub Voracek,PHI,"9,250,000","8,250,000"
Evander Kane,SJS,"9,000,000","7,000,000"
Ryan Suter,MIN,"9,000,000","7,538,462"
Corey Perry,ANA,"9,000,000","8,625,000"
Claude Giroux,PHI,"9,000,000","8,275,000"
Leon Draisaitl,EDM,"9,000,000","8,500,000"
Zach Parise,MIN,"9,000,000","7,538,462"
Brent Seabrook,CHI,"9,000,000","6,875,000"
Ryan Getzlaf,ANA,"8,950,000","8,250,000"
Ryan O'Reilly,STL,"8,500,000","7,500,000"
Ilya Kovalchuk,LAK,"8,500,000","6,250,000"
James van Riemsdyk,PHI,"8,000,000","7,000,000"
Alexander Radulov,DAL,"8,000,000","6,250,000"
Kevin Shattenkirk,NYR,"8,000,000","6,650,000"
Ryan Johansen,NSH,"8,000,000","8,000,000"
Victor Hedman,TBL,"8,000,000","7,875,000"
Brad Marchand,BOS,"8,000,000","6,125,000"
Dustin Byfuglien,WPG,"8,000,000","7,600,000"
David Pastrnak,BOS,"8,000,000","6,666,666"
Drew Doughty,LAK,"7,650,000","7,000,000"
Bobby Ryan,OTT,"7,500,000","7,250,000"
David Krejci,BOS,"7,500,000","7,250,000"
Jason Spezza,DAL,"7,500,000","7,500,000"
Cam Fowler,ANA,"7,500,000","6,500,000"
T.J. Oshie,WSH,"7,500,000","5,750,000"
Keith Yandle,FLA,"7,500,000","6,350,000"
Paul Stastny,VEG,"7,500,000","6,500,000"
Nicklas Backstrom,WSH,"7,500,000","6,700,000"
Erik Karlsson,OTT,"7,500,000","6,500,000"
Henrik Lundqvist,NYR,"7,500,000","8,500,000"
Cam Atkinson,CBJ,"7,375,000","5,875,000"
Kris Letang,PIT,"7,250,000","7,250,000"
Marc-Edouard Vlasic,SJS,"7,250,000","7,000,000"
Alex Pietrangelo,STL,"7,000,000","6,500,000"
Vladimir Tarasenko,STL,"7,000,000","7,500,000"
Jonathan Quick,LAK,"7,000,000","5,800,000"
Oliver Ekman-Larsson,ARI,"7,000,000","5,500,000"
Alexander Steen,STL,"7,000,000","5,750,000"
Pekka Rinne,NSH,"7,000,000","7,000,000"
Milan Lucic,EDM,"7,000,000","6,000,000"
Bo Horvat,VAN,"7,000,000","5,500,000"
Jonathan Marchessault,VEG,"7,000,000","5,000,000"
Loui Eriksson,VAN,"7,000,000","6,000,000"
Josh Bailey,NYI,"7,000,000","5,000,000"
Connor Hellebuyck,WPG,"7,000,000","6,166,666"
Aaron Ekblad,FLA,"7,000,000","7,500,000"
Tuukka Rask,BOS,"7,000,000","7,000,000"
Patrice Bergeron,BOS,"6,875,000","6,875,000"
Ondrej Palat,TBL,"6,855,000","5,300,000"
Mark Giordano,CGY,"6,750,000","6,750,000"
Sean Monahan,CGY,"6,750,000","6,375,000"
Hampus Lindholm,ANA,"6,750,000","5,205,556"
Johnny Gaudreau,CGY,"6,750,000","6,750,000"
Brandon Saad,CHI,"6,750,000","6,000,000"
Mark Scheifele,WPG,"6,750,000","6,125,000"
Nathan MacKinnon,COL,"6,750,000","6,300,000"
Martin Jones,SJS,"6,750,000","5,750,000"
Tyler Johnson,TBL,"6,750,000","5,000,000"
Ryan Kesler,ANA,"6,675,000","6,875,000"
Tyler Seguin,DAL,"6,500,000","5,750,000"
Bryan Little,WPG,"6,500,000","5,291,666"
Travis Zajac,NJD,"6,500,000","5,750,000"
Dmitry Orlov,WSH,"6,500,000","5,100,000"
Ben Bishop,DAL,"6,500,000","4,916,666"
Matt Duchene,OTT,"6,500,000","6,000,000"
Colton Parayko,STL,"6,500,000","5,500,000"
Johnny Boychuk,NYI,"6,500,000","6,000,000"
Nikolaj Ehlers,WPG,"6,250,000","6,000,000"
Aleksander Barkov,FLA,"6,250,000","5,900,000"
Jaden Schwartz,STL,"6,250,000","5,350,000"
Sergei Bobrovsky,CBJ,"6,200,000","7,425,000"
Jonathan Huberdeau,FLA,"6,200,000","5,900,000"
Alex Goligoski,ARI,"6,100,000","5,475,000"
Nino Niederreiter,MIN,"6,075,000","5,250,000"
Artemi Panarin,CBJ,"6,000,000","6,000,000"
Logan Couture,SJS,"6,000,000","6,000,000"
Justin Faulk,CAR,"6,000,000","4,833,333"
Kyle Turris,NSH,"6,000,000","6,000,000"
Jeff Skinner,CAR,"6,000,000","5,725,000"
Reilly Smith,VEG,"6,000,000","5,000,000"
Karl Alzner,MTL,"6,000,000","4,625,000"
Shayne Gostisbehere,PHI,"6,000,000","4,500,000"
Ryan Nugent-Hopkins,EDM,"6,000,000","6,000,000"
Zach Bogosian,BUF,"6,000,000","5,142,857"
Marc Staal,NYR,"6,000,000","5,700,000"
Kyle Okposo,BUF,"6,000,000","6,000,000"
Cory Schneider,NJD,"6,000,000","6,000,000"
Filip Forsberg,NSH,"6,000,000","6,000,000"
Jordan Staal,CAR,"6,000,000","6,000,000"
Patrick Marleau,TOR,"6,000,000","6,250,000"
Taylor Hall,NJD,"6,000,000","6,000,000"
David Backes,BOS,"6,000,000","6,000,000"
Mikko Koivu,MIN,"6,000,000","5,500,000"
Shea Weber,MTL,"6,000,000","7,857,143"
Frans Nielsen,DET,"6,000,000","5,250,000"
Gabriel Landeskog,COL,"6,000,000","5,571,429"
Tomas Hertl,SJS,"6,000,000","5,625,000"
Derek Stepan,ARI,"6,000,000","6,500,000"
Andrew Ladd,NYI,"6,000,000","5,500,000"
Joe Pavelski,SJS,"6,000,000","6,000,000"
Erik Johnson,COL,"6,000,000","6,000,000"
Corey Crawford,CHI,"6,000,000","6,000,000"
Jordan Eberle,NYI,"6,000,000","6,000,000"
Phil Kessel,PIT,"5,950,000","6,800,000"
Brandon Dubinsky,CBJ,"5,850,000","5,850,000"
Mikael Backlund,CGY,"5,850,000","5,350,000"
Blake Wheeler,WPG,"5,800,000","5,600,000"
Jonas Brodin,MIN,"5,750,000","4,166,667"
James Neal,CGY,"5,750,000","5,750,000"
Marc-Andre Fleury,VEG,"5,750,000","5,750,000"
Dougie Hamilton,CAR,"5,750,000","5,750,000"
Matt Niskanen,WSH,"5,750,000","5,750,000"
Tyson Barrie,COL,"5,750,000","5,500,000"
Mike Hoffman,FLA,"5,650,000","5,187,500"
Nikita Kucherov,TBL,"5,550,000","4,766,667"
Torey Krug,BOS,"5,500,000","5,250,000"
Jared Spurgeon,MIN,"5,500,000","5,187,500"
Jaccob Slavin,CAR,"5,500,000","5,300,000"
Mika Zibanejad,NYR,"5,500,000","5,350,000"
Andrew MacDonald,PHI,"5,500,000","5,000,000"
Danny DeKeyser,DET,"5,500,000","5,000,000"
Gustav Nyquist,DET,"5,500,000","4,750,000"
Tomas Tatar,VEG,"5,500,000","5,300,000"
Nick Foligno,CBJ,"5,500,000","5,500,000"
Tyler Bozak,STL,"5,500,000","5,000,000"
Dustin Brown,LAK,"5,500,000","5,875,000"
Mike Green,DET,"5,500,000","5,375,000"
Dave Bolland,ARI,"5,500,000","5,500,000"
Andrej Sekera,EDM,"5,500,000","5,500,000"
Semyon Varlamov,COL,"5,500,000","5,900,000"
Mikael Granlund,MIN,"5,500,000","5,750,000"
Craig Anderson,OTT,"5,500,000","4,750,000"
Nick Leddy,NYI,"5,500,000","5,500,000"
Jonathan Drouin,MTL,"5,500,000","5,500,000"
Adam Henrique,ANA,"5,500,000","4,000,000"
Rasmus Ristolainen,BUF,"5,400,000","5,400,000"
Seth Jones,CBJ,"5,400,000","5,400,000"
Jay Bouwmeester,STL,"5,400,000","5,400,000"
Patric Hornqvist,PIT,"5,300,000","5,300,000"
Ryan McDonagh,TBL,"5,300,000","4,700,000"
J.T. Miller,TBL,"5,250,000","5,250,000"
Roman Josi,NSH,"5,250,000","4,000,000"
Vincent Trocheck,FLA,"5,250,000","4,750,000"
Devan Dubnyk,MIN,"5,000,000","4,333,333"
Kyle Palmieri,NJD,"5,000,000","4,650,000"
Jason Pominville,BUF,"5,000,000","5,600,000"
Sami Vatanen,NJD,"5,000,000","4,875,000"
Justin Schultz,PIT,"5,000,000","5,500,000"
Justin Abdelkader,DET,"5,000,000","4,250,000"
Jeff Petry,MTL,"5,000,000","5,500,000"
Andy Greene,NJD,"5,000,000","5,000,000"
Lars Eller,WSH,"5,000,000","3,500,000"
Jeff Carter,LAK,"5,000,000","5,272,727"
Artem Anisimov,CHI,"5,000,000","4,550,000"
Carl Soderberg,COL,"5,000,000","4,750,000"
Anders Lee,NYI,"5,000,000","3,750,000"
Joe Thornton,SJS,"5,000,000","5,000,000"
Ian Cole,COL,"5,000,000","4,250,000"
Wayne Simmonds,PHI,"5,000,000","3,975,000"
Morgan Rielly,TOR,"5,000,000","5,000,000"
Max Pacioretty,MTL,"5,000,000","4,500,000"
Frederik Andersen,TOR,"5,000,000","5,000,000"
Brayden Schenn,STL,"5,000,000","5,125,000"
Christopher Tanev,VAN,"5,000,000","4,450,000"
Braden Holtby,WSH,"5,000,000","6,100,000"
Jori Lehtera,PHI,"5,000,000","4,700,000"
Zdeno Chara,BOS,"5,000,000","5,000,000"
Martin Hanzal,DAL,"5,000,000","4,750,000"
Alex Galchenyuk,ARI,"4,900,000","4,900,000"
Marc Methot,DAL,"4,900,000","4,900,000"
Dion Phaneuf,LAK,"4,875,000","5,250,000"
Travis Hamonic,CGY,"4,875,000","3,857,143"
Adam Larsson,EDM,"4,850,000","4,166,666"
Elias Lindholm,CGY,"4,850,000","4,850,000"
TJ Brodie,CGY,"4,838,000","4,650,400"
David Clarkson,VEG,"4,750,000","5,250,000"
Scott Darling,CAR,"4,750,000","4,150,000"
David Perron,STL,"4,750,000","4,000,000"
David Savard,CBJ,"4,750,000","4,250,000"
Clarke MacArthur,OTT,"4,750,000","4,650,000"
Marcus Johansson,NJD,"4,750,000","4,583,333"
Ryan Callahan,TBL,"4,700,000","5,800,000"
Patrik Berglund,BUF,"4,700,000","3,850,000"
Tyler Toffoli,LAK,"4,600,000","4,600,000"
Marian Gaborik,OTT,"4,575,000","4,875,000"
Brendan Smith,NYR,"4,525,000","4,350,000"
Mats Zuccarello,NYR,"4,500,000","4,500,000"
Nazem Kadri,TOR,"4,500,000","4,500,000"
Marco Scandella,BUF,"4,500,000","4,000,000"
Erik Gudbranson,VAN,"4,500,000","4,000,000"
Chris Kreider,NYR,"4,500,000","4,625,000"
Kris Russell,EDM,"4,500,000","4,000,000"
Anton Stralman,TBL,"4,500,000","4,500,000"
Nathan Horton,TOR,"4,500,000","5,300,000"
Alexander Edler,VAN,"4,500,000","5,000,000"
Alexander Wennberg,CBJ,"4,500,000","4,900,000"
John Klingberg,DAL,"4,500,000","4,250,000"
Nikita Zaitsev,TOR,"4,500,000","4,500,000"
Connor Murphy,CHI,"4,500,000","3,850,000"
Troy Brouwer,CGY,"4,500,000","4,500,000"
Duncan Keith,CHI,"4,500,000","5,538,462"
Craig Smith,NSH,"4,500,000","4,250,000"
Alex Killorn,TBL,"4,450,000","4,450,000"
Jake Muzzin,LAK,"4,450,000","4,000,000"
Jay Beagle,VAN,"4,400,000","3,000,000"
Brandon Sutter,VAN,"4,375,000","4,375,000"
Jake Allen,STL,"4,350,000","4,350,000"
Dmitry Kulikov,WPG,"4,333,333","4,333,333"
Nick Bjugstad,FLA,"4,300,000","4,100,000"
Jonathan Ericsson,DET,"4,250,000","4,250,000"
Jimmy Howard,DET,"4,250,000","5,291,666"
Sean Couturier,PHI,"4,250,000","4,333,333"
Viktor Arvidsson,NSH,"4,250,000","4,250,000"
Cam Talbot,EDM,"4,200,000","4,166,667"
Brian Dumoulin,PIT,"4,100,000","4,100,000"
Nick Bonino,NSH,"4,100,000","4,100,000"
Olli Maatta,PIT,"4,083,300","4,083,333"
Jake Gardiner,TOR,"4,050,000","4,050,000"
Alec Martinez,LAK,"4,050,000","4,000,000"
Brett Pesce,CAR,"4,025,000","4,025,000"
Justin Williams,CAR,"4,000,000","4,500,000"
Leo Komarov,NYI,"4,000,000","3,000,000"
Mathieu Perreault,WPG,"4,000,000","4,125,000"
Mattias Ekholm,NSH,"4,000,000","3,750,000"
Sven Baertschi,VAN,"4,000,000","3,366,666"
Boone Jenner,CBJ,"4,000,000","3,750,000"
Colin Wilson,COL,"4,000,000","3,937,500"
Cal Clutterbuck,NYI,"4,000,000","3,500,000"
Michael Frolik,CGY,"4,000,000","4,300,000"
Oscar Klefbom,EDM,"4,000,000","4,167,000"
Andrew Shaw,MTL,"4,000,000","3,900,000"
Jack Johnson,PIT,"4,000,000","3,250,000"
Niklas Hjalmarsson,ARI,"4,000,000","4,100,000"
Vladislav Namestnikov,NYR,"4,000,000","4,000,000"
Victor Rask,CAR,"4,000,000","4,000,000"
Calvin de Haan,CAR,"4,000,000","4,550,000"
Brenden Dillon,SJS,"3,900,000","3,270,000"
Colin Miller,VEG,"3,875,000","3,875,000"
Cody Eakin,VEG,"3,850,000","3,850,000"
Jason Demers,ARI,"3,850,000","3,937,500"
Tanner Pearson,LAK,"3,800,000","3,750,000"
Justin Braun,SJS,"3,800,000","3,800,000"
Rickard Rakell,ANA,"3,800,000","3,789,444"
Antoine Roussel,VAN,"3,800,000","3,000,000"
Charlie Coyle,MIN,"3,750,000","3,200,000"
Mike Smith,CGY,"3,750,000","4,250,000"
Antti Raanta,ARI,"3,750,000","4,250,000"
Matt Calvert,COL,"3,750,000","2,850,000"
Matt Murray,PIT,"3,750,000","3,750,000"
Evgeni Dadonov,FLA,"3,750,000","4,000,000"
Jakob Silfverberg,ANA,"3,750,000","3,750,000"
Darren Helm,DET,"3,750,000","3,850,000"
Braydon Coburn,TBL,"3,700,000","3,700,000"
Carl Hagelin,PIT,"3,666,000","4,000,000"
Jacob Markstrom,VAN,"3,600,000","3,666,667"
Sam Gagner,VAN,"3,500,000","3,150,000"
Michael Matheson,FLA,"3,500,000","4,875,000"
Jamie McGinn,FLA,"3,500,000","3,333,333"
Eric Staal,MIN,"3,500,000","3,500,000"
Casey Cizikas,NYI,"3,500,000","3,350,000"
Andrei Vasilevskiy,TBL,"3,500,000","3,500,000"
Bryan Rust,PIT,"3,500,000","3,500,000"
Michael Stone,CGY,"3,500,000","3,500,000"
Vladimir Sobotka,BUF,"3,500,000","3,500,000"
Ryan Ellis,NSH,"3,500,000","2,500,000"
Radko Gudas,PHI,"3,400,000","3,350,000"
Philipp Grubauer,COL,"3,350,000","3,333,333"
Henrik Zetterberg,DET,"3,350,000","6,083,333"
Jean-Gabriel Pageau,OTT,"3,300,000","3,100,000"
Michal Kempny,WSH,"3,300,000","2,500,000"
Anthony Mantha,DET,"3,300,000","3,300,000"
Trevor Daley,DET,"3,300,000","3,166,666"
John Gibson,ANA,"3,300,000","2,300,000"
Thomas Greiss,NYI,"3,250,000","3,333,333"
Zack Smith,OTT,"3,250,000","3,250,000"
Josh Manson,ANA,"3,250,000","4,100,000"
Andre Burakovsky,WSH,"3,250,000","3,000,000"
Andrew Cogliano,ANA,"3,250,000","3,250,000"
Jonathan Bernier,DET,"3,250,000","3,000,000"
John Moore,BOS,"3,250,000","2,750,000"
Jaroslav Halak,BOS,"3,250,000","2,750,000"
Max Domi,MTL,"3,150,000","3,150,000"
Patrick Eaves,ANA,"3,150,000","3,150,000"
Derek Ryan,CGY,"3,125,000","3,125,000"
James Reimer,FLA,"3,100,000","3,400,000"
Michael Del Zotto,VAN,"3,000,000","3,000,000"
Damon Severson,NJD,"3,000,000","4,166,666"
Phillip Danault,MTL,"3,000,000","3,083,333"
Ryan Strome,EDM,"3,000,000","3,100,000"
Brayden McNabb,VEG,"3,000,000","2,500,000"
Mikkel Boedker,OTT,"3,000,000","4,000,000"
Brendan Gallagher,MTL,"3,000,000","3,750,000"
Brian Elliott,PHI,"3,000,000","2,750,000"
Andreas Athanasiou,DET,"3,000,000","3,000,000"
Tyler Myers,WPG,"3,000,000","5,500,000"
Conor Sheary,BUF,"3,000,000","3,000,000"
Thomas Vanek,DET,"3,000,000","3,000,000"
Cam Ward,CHI,"3,000,000","3,000,000"
Marcus Foligno,MIN,"3,000,000","2,875,000"
Carl Gunnarsson,STL,"2,900,000","2,900,000"
Roberto Luongo,FLA,"2,874,700","4,533,333"
Teuvo Teravainen,CAR,"2,860,000","2,860,000"
Ryan Murray,CBJ,"2,825,000","2,825,000"
Ben Hutton,VAN,"2,800,000","2,800,000"
Richard Panik,ARI,"2,800,000","2,800,000"
Ryan Reaves,VEG,"2,775,000","2,775,000"
Riley Nash,CBJ,"2,750,000","2,750,000"
Carter Hutton,BUF,"2,750,000","2,750,000"
Mark Pysyk,FLA,"2,750,000","2,733,333"
Erik Haula,VEG,"2,750,000","2,750,000"
Dan Girardi,TBL,"2,750,000","3,000,000"
Valtteri Filppula,NYI,"2,750,000","2,750,000"
Ben Lovejoy,NJD,"2,750,000","2,666,667"
Valeri Nichushkin,DAL,"2,700,000","2,950,000"
Blake Comeau,DAL,"2,600,000","2,400,000"
Nick Holden,VEG,"2,600,000","2,200,000"
Michael Grabner,ARI,"2,500,000","3,350,000"
Markus Nutivaara,CBJ,"2,500,000","2,700,000"
Brandon Manning,CHI,"2,500,000","2,250,000"
Michal Neuvirth,PHI,"2,500,000","2,500,000"
Kevan Miller,BOS,"2,500,000","2,500,000"
Anton Khudobin,DAL,"2,500,000","2,500,000"
Mikko Koskinen,EDM,"2,500,000","2,500,000"
Mike Condon,OTT,"2,500,000","2,400,000"
Derek Dorsett,VAN,"2,500,000","2,650,000"
Thomas Hickey,NYI,"2,500,000","2,500,000"
Brian Boyle,NJD,"2,500,000","2,750,000"
Matt Hunwick,BUF,"2,500,000","2,250,000"
Oliver Bjorkstrand,CBJ,"2,500,000","2,500,000"
Nathan Beaulieu,BUF,"2,500,000","2,400,000"
Ron Hainsey,TOR,"2,400,000","3,000,000"
Michael Raffl,PHI,"2,350,000","2,350,000"
Dale Weise,PHI,"2,350,000","2,350,000"
Jan Rutta,CHI,"2,300,000","2,300,000"
Nate Schmidt,VEG,"2,300,000","2,225,000"
Derek Forbort,LAK,"2,250,000","2,525,000"
Matt Martin,NYI,"2,250,000","2,500,000"
Tomas Plekanec,MTL,"2,250,000","2,250,000"
Esa Lindell,DAL,"2,200,000","2,200,000"
Stephen Johns,DAL,"2,200,000","2,350,000"
Radek Faksa,DAL,"2,200,000","2,200,000"
Nikita Zadorov,COL,"2,200,000","2,150,000"
Devin Shore,DAL,"2,200,000","2,300,000"
Jimmy Vesey,NYR,"2,200,000","2,275,000"
Aaron Dell,SJS,"2,200,000","1,900,000"
Riley Sheahan,PIT,"2,100,000","2,100,000"
Calle Jarnkrok,NSH,"2,100,000","2,000,000"
Trevor van Riemsdyk,CAR,"2,100,000","2,300,000"
Connor Brown,TOR,"2,100,000","2,100,000"
Ryan Dzingel,OTT,"2,100,000","1,800,000"
Derick Brassard,PIT,"2,100,000","3,000,000"
Marcus Kruger,CHI,"2,070,000","2,775,000"
Anders Nilsson,VAN,"2,000,000","2,500,000"
Luke Glendening,DET,"2,000,000","1,800,000"
Melker Karlsson,SJS,"2,000,000","2,000,000"
Matt Beleskey,NYR,"2,000,000","1,900,000"
Jan Kovar,NYI,"2,000,000","2,000,000"
Zack Kassian,EDM,"2,000,000","1,950,000"
Adam McQuaid,BOS,"2,000,000","2,750,000"
Ryan Miller,ANA,"2,000,000","2,000,000"
Zach Hyman,TOR,"2,000,000","2,250,000"
Tobias Rieder,EDM,"2,000,000","2,000,000"
Trevor Lewis,LAK,"2,000,000","2,000,000"
Matt Nieto,COL,"1,975,000","1,975,000"
Sam Bennett,CGY,"1,950,000","1,950,000"
Jamie Oleksiak,PIT,"1,950,000","2,137,500"
Alex Petrovic,FLA,"1,950,000","1,950,000"
Joonas Donskoi,SJS,"1,900,000","1,900,000"
Tim Schaller,VAN,"1,900,000","1,900,000"
David Schlemko,MTL,"1,850,000","2,100,000"
Jesper Fast,NYR,"1,850,000","1,850,000"
Jordan Martinook,CAR,"1,850,000","1,800,000"
Joel Armia,MTL,"1,850,000","1,850,000"
Josh Anderson,CBJ,"1,850,000","1,850,000"
Brett Ritchie,DAL,"1,800,000","1,750,000"
Micheal Ferland,CAR,"1,800,000","1,750,000"
Matthew Benning,EDM,"1,800,000","1,900,000"
Oscar Lindberg,VEG,"1,800,000","1,700,000"
Blake Coleman,NJD,"1,800,000","1,800,000"
Kyle Clifford,LAK,"1,800,000","1,600,000"
Jake McCabe,BUF,"1,775,000","1,600,000"
Jordan Weal,PHI,"1,750,000","1,750,000"
Patrick Maroon,STL,"1,750,000","1,750,000"
Niklas Kronwall,DET,"1,750,000","4,750,000"
Chad Johnson,STL,"1,750,000","1,750,000"
Greg Pateryn,MIN,"1,750,000","2,250,000"
Stefan Noesen,NJD,"1,725,000","1,725,000"
Nate Thompson,LAK,"1,650,000","1,650,000"
Darcy Kuemper,ARI,"1,600,000","1,850,000"
Ben Chiarot,WPG,"1,600,000","1,400,000"
Zemgus Girgensons,BUF,"1,600,000","1,600,000"
Sven Andrighetto,COL,"1,550,000","1,400,000"
Johan Larsson,BUF,"1,550,000","1,475,000"
Brett Connolly,WSH,"1,500,000","1,500,000"
Juuse Saros,NSH,"1,500,000","1,500,000"
Petr Mrazek,CAR,"1,500,000","1,500,000"
Drake Caggiula,EDM,"1,500,000","1,500,000"
Deryk Engelland,VEG,"1,500,000","1,500,000"
Vinnie Hinostroza,ARI,"1,500,000","1,500,000"
Robin Lehner,NYI,"1,500,000","1,500,000"
Markus Granlund,VAN,"1,475,000","1,475,000"
Mark Barberio,COL,"1,450,000","1,450,000"
Pierre-Edouard Bellemare,VEG,"1,450,000","1,450,000"
Carter Rowney,ANA,"1,400,000","1,133,333"
Tyler Bertuzzi,DET,"1,400,000","1,400,000"
Matt Grzelcyk,BOS,"1,400,000","1,400,000"
Ryan Pulock,NYI,"1,350,000","2,000,000"
Connor Carrick,TOR,"1,300,000","1,300,000"
Andrej Sustr,ANA,"1,300,000","1,300,000"
Keith Kinkaid,NJD,"1,300,000","1,250,000"
Sean Kuraly,BOS,"1,300,000","1,275,000"
Matthew Peca,MTL,"1,300,000","1,300,000"
Michael Hutchinson,FLA,"1,300,000","1,300,000"
Roman Polak,DAL,"1,300,000","1,300,000"
Jon Merrill,VEG,"1,275,000","1,375,000"
Chris Wagner,BOS,"1,250,000","1,250,000"
Kevin Connauton,ARI,"1,250,000","1,375,000"
Jared McCann,FLA,"1,250,000","1,250,000"
Austin Czarnik,CGY,"1,250,000","1,250,000"
Mark Borowiecki,OTT,"1,200,000","1,200,000"
Colton Sceviour,FLA,"1,200,000","1,200,000"
Tom Pyatt,OTT,"1,200,000","1,100,000"
Louis Domingue,TBL,"1,150,000","1,150,000"
Robert Bortuzzo,STL,"1,150,000","1,150,000"
Derek MacKenzie,FLA,"1,100,000","1,375,000"
Dmitrij Jaskin,STL,"1,100,000","1,100,000"
Scott Mayfield,NYI,"1,100,000","1,450,000"
Adam Pelech,NYI,"1,100,000","1,600,000"
Austin Watson,NSH,"1,100,000","1,100,000"
Kyle Brodziak,EDM,"1,100,000","1,150,000"
Joonas Korpisalo,CBJ,"1,100,000","900,000"
Brad Richardson,ARI,"1,100,000","1,250,000"
Derrick Pouliot,VAN,"1,100,000","1,100,000"
Jordie Benn,MTL,"1,100,000","1,100,000"
Andrew Copp,WPG,"1,100,000","1,000,000"
Scott Laughton,PHI,"1,050,000","962,500"
Martin Frk,DET,"1,050,000","1,050,000"
Nick Cousins,ARI,"1,050,000","1,000,000"
Curtis Lazar,CGY,"1,050,000","950,000"
Peter Budaj,LAK,"1,025,000","1,025,000"
Brian Gibbons,ANA,"1,000,000","1,000,000"
Tyler Pitlick,DAL,"1,000,000","1,000,000"
Joe Morrow,WPG,"1,000,000","1,000,000"
Erik Gustafsson,CHI,"1,000,000","1,200,000"
Chris Kunitz,CHI,"1,000,000","1,000,000"
Johan Franzen,DET,"1,000,000","3,954,545"
Scott Wilson,BUF,"1,000,000","1,050,000"
Cedric Paquette,TBL,"1,000,000","1,000,000"
Yanni Gourde,TBL,"1,000,000","1,000,000"
Marian Hossa,ARI,"1,000,000","5,275,000"
Paul Byron,MTL,"1,000,000","1,166,667"
Chris Wideman,OTT,"1,000,000","1,000,000"
Eric Fehr,MIN,"1,000,000","1,000,000"
Ross Johnston,NYI,"1,000,000","1,000,000"
Devante Smith-Pelly,WSH,"1,000,000","1,000,000"
Tomas Nosek,VEG,"962,500","962,500"
Nicolas Deslauriers,MTL,"950,000","950,000"
Alex Biega,VAN,"950,000","825,000"
Gabriel Bourque,COL,"950,000","950,000"
Antti Niemi,MTL,"950,000","950,000"
Troy Terry,ANA,"925,000","925,000"
Tage Thompson,BUF,"925,000","925,000"
Andrei Svechnikov,CAR,"925,000","925,000"
Alex Tuch,VEG,"925,000","925,000"
Tyson Jost,COL,"925,000","885,833"
Dylan Gambrell,SJS,"925,000","925,000"
Brock Boeser,VAN,"925,000","925,000"
Zachary Werenski,CBJ,"925,000","925,000"
Joseph Anderson,NJD,"925,000","925,000"
Charlie McAvoy,BOS,"925,000","916,667"
Clayton Keller,ARI,"925,000","885,833"
Eeli Tolvanen,NSH,"925,000","894,166"
Pavel Buchnevich,NYR,"925,000","925,000"
Sheldon Rempal,LAK,"925,000","925,000"
Sebastian Aho,CAR,"925,000","925,000"
Ian McCoshen,FLA,"925,000","925,000"
Jesse Puljujarvi,EDM,"925,000","925,000"
Nico Hischier,NJD,"925,000","925,000"
Zach Aston-Reese,PIT,"925,000","925,000"
Christian Wolanin,OTT,"925,000","925,000"
Henrik Borgstr√∂m,FLA,"925,000","925,000"
Daniel Brickley,LAK,"925,000","925,000"
J.T. Compher,COL,"925,000","925,000"
Jordan Greenway,MIN,"925,000","916,666"
Jake Dotchin,TBL,"925,000","812,500"
Auston Matthews,TOR,"925,000","925,000"
Jack Roslovic,WPG,"925,000","894,166"
Rasmus Dahlin,BUF,"925,000","925,000"
Jakob Chychrun,ARI,"925,000","925,000"
Alex Iafallo,LAK,"925,000","925,000"
Victor Ejdsell,CHI,"925,000","833,750"
Frank Vatrano,FLA,"925,000","925,000"
Alexander Kerfoot,COL,"925,000","925,000"
Danton Heinen,BOS,"925,000","872,500"
Luke Kunin,MIN,"925,000","925,000"
Josh Leivo,TOR,"925,000","925,000"
Colin White,OTT,"925,000","925,000"
Mirco Mueller,NJD,"925,000","850,000"
Pierre-Luc Dubois,CBJ,"925,000","894,166"
Kyle Connor,WPG,"925,000","925,000"
David Kampf,CHI,"925,000","925,000"
Matthew Tkachuk,CGY,"925,000","925,000"
Carson Soucy,MIN,"925,000","925,000"
Dominic Toninato,COL,"925,000","925,000"
Ryan Donato,BOS,"925,000","900,000"
Mikhail Sergachev,TBL,"925,000","894,166"
Jacob Larsson,ANA,"925,000","894,166"
Will Butcher,NJD,"925,000","925,000"
Maxim Letunov,SJS,"925,000","833,750"
Patrik Laine,WPG,"925,000","925,000"
Dylan Sikura,CHI,"925,000","925,000"
Artturi Lehkonen,MTL,"925,000","839,166"
Nolan Patrick,PHI,"925,000","925,000"
Anders Bjork,BOS,"925,000","925,000"
Casey Mittelstadt,BUF,"925,000","925,000"
Adam Gaudette,VAN,"925,000","916,666"
Robby Fabbri,STL,"925,000","925,000"
Neal Pionk,NYR,"925,000","925,000"
Nick Schmaltz,CHI,"925,000","925,000"
Joakim Nordstrom,BOS,"900,000","1,000,000"
Dylan DeMelo,SJS,"900,000","900,000"
Magnus Paajarvi,OTT,"900,000","900,000"
Chris Thorburn,STL,"900,000","900,000"
Korbinian Holzer,ANA,"900,000","900,000"
Brock McGinn,CAR,"900,000","887,500"
Ryan Hartman,NSH,"875,000","875,000"
Rob O'Gara,NYR,"874,125","874,125"
Slater Koekkoek,TBL,"865,000","865,000"
Jacob de La Rose,MTL,"850,000","900,000"
Micheal Haley,FLA,"850,000","825,000"
Lukas Sedlak,CBJ,"850,000","825,000"
Curtis McElhinney,TOR,"850,000","850,000"
Pavel Zacha,NJD,"832,500","894,167"
Brandon Carlo,BOS,"832,500","789,167"
Dylan Strome,ARI,"832,500","863,333"
Thomas Chabot,OTT,"832,500","863,333"
Mikko Rantanen,COL,"832,500","894,167"
Joel Eriksson Ek,MIN,"832,500","894,167"
Kasperi Kapanen,TOR,"832,500","863,333"
Adrian Kempe,LAK,"832,500","894,167"
Lawson Crouse,ARI,"832,500","894,167"
Jake Debrusk,BOS,"832,500","863,333"
Mathew Barzal,NYI,"832,500","863,333"
Marcus Pettersson,ANA,"832,500","794,167"
Sonny Milano,CBJ,"832,500","863,333"
Ivan Barbashev,STL,"832,500","741,667"
Haydn Fleury,CAR,"832,500","863,333"
Anthony Beauvillier,NYI,"832,500","894,167"
Anthony DeAngelo,NYR,"832,500","863,333"
Travis Konecny,PHI,"832,500","894,167"
Christian Dvorak,ARI,"832,500","839,167"
Noah Juulsen,MTL,"832,500","863,333"
Jakub Vrana,WSH,"832,500","863,333"
Julius Honka,DAL,"832,500","863,333"
Mitchell Marner,TOR,"832,500","894,167"
Travis Dermott,TOR,"832,500","863,333"
Brendan Perlini,ARI,"832,500","863,333"
Kevin Fiala,NSH,"832,500","863,333"
Ivan Provorov,PHI,"832,500","894,167"
Timo Meier,SJS,"832,500","894,167"
Nikita Scherbak,MTL,"832,500","863,333"
Nick Jensen,DET,"825,000","812,500"
Christian Fischer,ARI,"815,000","821,666"
Ty Rattie,EDM,"800,000","800,000"
Adam Erne,TBL,"800,000","800,000"
Linus Ullmark,BUF,"800,000","750,000"
Dalton Prout,CGY,"800,000","800,000"
Luke Schenn,ANA,"800,000","800,000"
Travis Boyd,WSH,"800,000","800,000"
Nikita Soshnikov,STL,"800,000","800,000"
Christian Folin,PHI,"800,000","800,000"
Brendan Gaunce,VAN,"800,000","750,000"
Luke Witkowski,DET,"800,000","750,000"
Justin Kloos,MIN,"792,500","792,500"
Alex DeBrincat,CHI,"792,500","778,333"
Jake Guentzel,PIT,"792,500","734,167"
Andreas Johnsson,TOR,"787,500","787,500"
Maxim Mamin,FLA,"782,500","757,500"
Gustav Olofsson,MIN,"775,000","725,000"
Mike Reilly,MTL,"775,000","725,000"
Daniel Sprong,PIT,"750,000","750,000"
Cody McLeod,NYR,"750,000","750,000"
Dominik Simon,PIT,"750,000","750,000"
Noel Acciari,BOS,"750,000","725,000"
Phillip Di Giuseppe,CAR,"750,000","750,000"
Daniel Carr,VEG,"750,000","750,000"
Jon Gillies,CGY,"750,000","750,000"
Samuel Girard,COL,"742,500","728,333"
Victor Mete,MTL,"742,500","748,333"
Kevin Labanc,SJS,"742,500","717,500"
Anton Lindholm,COL,"742,500","717,500"
Jesper Bratt,NJD,"732,500","749,167"
Taylor Leier,PHI,"720,000","720,000"
Denis Malgin,FLA,"715,000","690,000"
Skyler Mckenzie,WPG,"710,000","741,666"
Kevin Gravel,EDM,"700,000","700,000"
Dean Kukan,CBJ,"700,000","725,000"
Alex Broadhurst,CBJ,"700,000","700,000"
John Hayden,CHI,"700,000","750,000"
Tom Kuhnhackl,NYI,"700,000","700,000"
Xavier Ouellet,MTL,"700,000","700,000"
Paul Carey,OTT,"700,000","700,000"
Oskar Sundqvist,STL,"700,000","700,000"
Josh Archibald,ARI,"700,000","675,000"
Marcus Sorensen,SJS,"700,000","700,000"
Fredrik Claesson,NYR,"700,000","700,000"
Alan Quine,CGY,"700,000","700,000"
Matt Hendricks,MIN,"700,000","700,000"
Scott Harrington,CBJ,"700,000","675,000"
Peter Holland,NYR,"700,000","675,000"
Kyle Rau,MIN,"700,000","700,000"
Jujhar Khaira,EDM,"700,000","675,000"
Markus Hannikainen,CBJ,"700,000","675,000"
Andy Welinski,ANA,"690,000","690,000"
Andy Andreoff,TBL,"680,000","677,500"
Nick Seeler,MIN,"675,000","725,000"
J.T. Brown,MIN,"675,000","687,500"
Ben Harpur,OTT,"650,000","725,000"
Jordan Schroeder,CHI,"650,000","650,000"
Malcolm Subban,VEG,"650,000","650,000"
Tim Heed,SJS,"650,000","650,000"
Max McCormick,OTT,"650,000","650,000"
Nathan Walker,WSH,"650,000","650,000"
Casey DeSmith,PIT,"650,000","675,000"
Jordan Nolan,STL,"650,000","650,000"
John Gilmour,NYR,"650,000","650,000"
Christian Djoos,WSH,"650,000","650,000"
Joakim Ryan,SJS,"650,000","650,000"
Nate Prosser,MIN,"650,000","650,000"
Vince Dunn,STL,"650,000","722,500"
Chandler Stephenson,WSH,"650,000","650,000"
Barclay Goodrow,SJS,"650,000","650,000"
Jordan Oesterle,ARI,"650,000","650,000"
Spencer Martin,COL,"650,000","650,000"
Steven Kampfer,NYR,"650,000","650,000"
Nic Dowd,WSH,"650,000","650,000"
Chad Ruhwedel,PIT,"650,000","650,000"
Anthony Bitetto,NSH,"650,000","650,000"
Brad Hunt,VEG,"650,000","650,000"
Jimmy Hayes,PIT,"650,000","650,000"
Laurent Brossoit,WPG,"650,000","650,000"
Valentin Zykov,CAR,"650,000","675,000"
Brendan Leipsic,VAN,"650,000","650,000"
Matt Irwin,NSH,"650,000","675,000"
Cory Conacher,TBL,"650,000","650,000"
Charles Hudon,MTL,"650,000","650,000"
Tyler Sikura,CHI,"650,000","650,000"
Kurtis Gabriel,NJD,"650,000","650,000"
Matt Cullen,PIT,"650,000","650,000"
Evan Rodrigues,BUF,"650,000","650,000"
Pheonix Copley,WSH,"650,000","650,000"
Colton Sissons,NSH,"650,000","625,000"
Ryan Carpenter,VEG,"650,000","650,000"
Yannick Weber,NSH,"650,000","675,000"
Pontus Aberg,EDM,"650,000","650,000"
Anthony Duclair,CBJ,"650,000","650,000"
Alex Stalock,MIN,"650,000","650,000"
Jack Campbell,LAK,"650,000","675,000"
Tyler Ennis,TOR,"650,000","650,000"
Eddie Lack,NJD,"650,000","650,000"
Brayden Point,TBL,"650,000","686,667"
Marko Dano,WPG,,
Brady Skjei,NYR,,
Madison Bowey,WSH,,
Jacob Trouba,WPG,,
Jordan Schmaltz,STL,,
Brock Nelson,NYI,,
Brandon Montour,ANA,,
MacKenzie Weegar,FLA,,
Chris Tierney,SJS,,
Brandon Tanev,WPG,,
Mark Jankowski,CGY,,
Brett Kulak,CGY,,
Shea Theodore,VEG,,
Garnet Hathaway,CGY,,
Troy Stecher,VAN,,
Noah Hanifin,CGY,,
Steven Santini,NJD,,
William Carrier,VEG,,
Jake Virtanen,VAN,,
Jason Zucker,MIN,,
Miles Wood,NJD,,
Sam Reinhart,BUF,,
Miikka Salomaki,NSH,,
Kevin Hayes,NYR,,
Robert Hagg,PHI,,
William Karlsson,VEG,,
Nick Ritchie,ANA,,
Mattias Janmark,DAL,,
Dylan Larkin,DET,,
Ryan Spooner,NYR,,
Matt Dumba,MIN,,
William Nylander,TOR,,
Patrik Nemeth,COL,,
Ondrej Kase,ANA,,
Adam Lowry,WPG,,
Darnell Nurse,EDM,,
Cody Ceci,OTT,,
Gemel Smith,DAL,,
Joshua Morrissey,WPG,,
Tucker Poolman,WPG,,
Joel Edmundson,STL,,
Mark Stone,OTT,,
Tom Wilson,WSH,,